,index,r,K,Epsilon,Opt_val,Eval_val,satisfy,solvetime,setuptime,clustertime
0,900.0,2.0,1.0,0.01,-2.0266697875399324,36.53998052889214,0.0,0.0016370296478271484,0.007969951629638672,0.005211305618286133
1,901.0,2.0,1.0,0.012067926406393288,-2.024602005673489,36.536421726227005,0.0,0.001427936553955078,0.007969951629638672,0.005211305618286133
2,902.0,2.0,1.0,0.014563484775012436,-2.022106275443807,36.532115734790196,0.0,0.001374197006225586,0.007969951629638672,0.005211305618286133
3,903.0,2.0,1.0,0.017575106248547922,-2.0190947192904285,36.526929216822914,0.0,0.0011679649353027344,0.007969951629638672,0.005211305618286133
4,904.0,2.0,1.0,0.021209508879201904,-2.0154603984479933,36.520667567102656,0.0,0.0011212348937988282,0.007969951629638672,0.005211305618286133
5,905.0,2.0,1.0,0.025595479226995354,-2.0110744167665153,36.513108299823564,0.0,0.0010713577270507813,0.007969951629638672,0.005211305618286133
6,906.0,2.0,1.0,0.030888435964774818,-2.0057814050348477,36.50398759482793,0.0,0.0010634422302246093,0.007969951629638672,0.005211305618286133
7,907.0,2.0,1.0,0.0372759372031494,-1.9993939082215573,36.493022011892315,0.0,0.0009560108184814454,0.007969951629638672,0.005211305618286133
8,908.0,2.0,1.0,0.04498432668969444,-1.9916856376316985,36.47980147537561,0.0,0.0009003639221191406,0.007969951629638672,0.005211305618286133
9,909.0,2.0,1.0,0.05428675439323859,-1.982383211541967,36.46386338962151,0.0,0.0009130001068115235,0.007969951629638672,0.005211305618286133
10,910.0,2.0,1.0,0.0655128556859551,-1.9711570729181058,36.444628373404555,0.0,0.000851583480834961,0.007969951629638672,0.005211305618286133
11,911.0,2.0,1.0,0.07906043210907697,-1.957609518801733,36.42146374168978,0.0,0.0008035182952880859,0.007969951629638672,0.005211305618286133
12,912.0,2.0,1.0,0.09540954763499938,-1.9412603967590791,36.39355437367645,0.0,0.0008210182189941406,0.007969951629638672,0.005211305618286133
13,913.0,2.0,1.0,0.1151395399326447,-1.9218013348087233,35.36934391945563,0.0,0.0008417606353759765,0.007969951629638672,0.005211305618286133
14,914.0,2.0,1.0,0.13894954943731375,-1.8988599631497025,34.31992953303104,0.0,0.0008647441864013672,0.007969951629638672,0.005211305618286133
15,915.0,2.0,1.0,0.16768329368110074,-1.8720591498789125,33.442546462902406,0.0,0.0008131980895996094,0.007969951629638672,0.005211305618286133
16,916.0,2.0,1.0,0.20235896477251564,-1.8403647973334767,32.8898582372398,0.0,0.0007904529571533203,0.007969951629638672,0.005211305618286133
17,917.0,2.0,1.0,0.24420530945486513,-1.8025755408124156,32.51550915285084,0.0,0.0007091522216796875,0.007969951629638672,0.005211305618286133
18,918.0,2.0,1.0,0.29470517025518095,-1.7573170122720505,32.24523228406364,0.0,0.0006948471069335938,0.007969951629638672,0.005211305618286133
19,919.0,2.0,1.0,0.35564803062231287,-1.7029680942912926,32.03456108911888,0.0,0.0006508350372314454,0.007969951629638672,0.005211305618286133
20,920.0,2.0,1.0,0.4291934260128777,-1.637593967751196,31.849556729955612,0.0,0.0006904125213623047,0.007969951629638672,0.005211305618286133
21,921.0,2.0,1.0,0.517947467923121,-1.5589401601260682,31.53448092350928,0.0,0.0006847858428955078,0.007969951629638672,0.005211305618286133
22,922.0,2.0,1.0,0.6250551925273969,-1.4662643015356385,30.70145060081409,0.0,0.0007131576538085937,0.007969951629638672,0.005211305618286133
23,923.0,2.0,1.0,0.7543120063354615,-1.359742554936697,29.04783388499998,0.0,0.0007071495056152344,0.007969951629638672,0.005211305618286133
24,924.0,2.0,1.0,0.9102981779915218,-1.2370404864787024,27.58651019596548,0.0,0.0006584644317626954,0.007969951629638672,0.005211305618286133
25,925.0,2.0,1.0,1.0985411419875584,-1.095333980329403,26.086582570435894,0.0,0.0006500244140625,0.007969951629638672,0.005211305618286133
26,926.0,2.0,1.0,1.325711365590108,-0.933395270739166,24.131672570642834,0.0,0.0006671905517578125,0.007969951629638672,0.005211305618286133
27,927.0,2.0,1.0,1.5998587196060574,-0.7502884412431007,21.867386887109706,0.0,0.0006495952606201172,0.007969951629638672,0.005211305618286133
28,928.0,2.0,1.0,1.9306977288832496,-0.5472426743738602,19.207966381274066,0.0,0.0006727695465087891,0.007969951629638672,0.005211305618286133
29,929.0,2.0,1.0,2.329951810515372,-0.3357785128311699,14.982315107990484,0.0,0.0006554126739501953,0.007969951629638672,0.005211305618286133
30,930.0,2.0,1.0,2.811768697974228,-0.1300362179689453,11.146417658306031,0.0,0.0006318569183349609,0.007969951629638672,0.005211305618286133
31,931.0,2.0,1.0,3.393221771895326,0.07208932240339147,8.174563611162705,0.0,0.0006274223327636719,0.007969951629638672,0.005211305618286133
32,932.0,2.0,1.0,4.094915062380423,0.2789679371591081,6.281147647770288,0.0,0.0006048679351806641,0.007969951629638672,0.005211305618286133
33,933.0,2.0,1.0,4.941713361323833,0.5036518448802069,5.078918263147807,0.0,0.0005991458892822266,0.007969951629638672,0.005211305618286133
34,934.0,2.0,1.0,5.963623316594642,0.7588934364447221,4.271312213623226,0.0,0.0005819797515869141,0.007969951629638672,0.005211305618286133
35,935.0,2.0,1.0,7.196856730011514,1.0559383745022421,3.6983940260172865,0.0,0.0006035804748535156,0.007969951629638672,0.005211305618286133
36,936.0,2.0,1.0,8.68511373751352,1.4058960232664304,3.3289785394636056,0.0,0.0006339550018310547,0.007969951629638672,0.005211305618286133
37,937.0,2.0,1.0,10.481131341546853,1.8213176722931845,3.1338768484231956,0.0,0.0006155967712402344,0.007969951629638672,0.005211305618286133
38,938.0,2.0,1.0,12.648552168552959,2.317199651392541,3.118513997837096,0.0,0.0006102085113525391,0.007969951629638672,0.005211305618286133
39,939.0,2.0,1.0,15.26417967175232,2.911258895572143,3.3250477209235334,0.0,0.0005937576293945313,0.007969951629638672,0.005211305618286133
40,940.0,2.0,1.0,18.420699693267146,3.6246245972814415,3.7995378443859713,0.0,0.0006049633026123047,0.007969951629638672,0.005211305618286133
41,941.0,2.0,1.0,22.229964825261934,4.4826182352614765,4.525929098974235,0.0,0.0005926609039306641,0.007969951629638672,0.005211305618286133
42,942.0,2.0,1.0,26.82695795279725,5.515667110540439,5.523413492918505,0.2,0.0005716323852539062,0.007969951629638672,0.005211305618286133
43,943.0,2.0,1.0,32.374575428176435,6.760391318294387,6.760391318294387,1.0,0.0006117820739746094,0.007969951629638672,0.005211305618286133
44,944.0,2.0,1.0,39.06939937054613,8.260905522131983,8.260905522131983,1.0,0.0006082057952880859,0.007969951629638672,0.005211305618286133
45,945.0,2.0,1.0,47.1486636345739,10.070385439055089,10.070385439055089,1.0,0.0006280422210693359,0.007969951629638672,0.005211305618286133
46,946.0,2.0,1.0,56.89866029018293,12.252952624967998,12.252952624968,1.0,0.000582122802734375,0.007969951629638672,0.005211305618286133
47,947.0,2.0,1.0,68.66488450042998,14.885950232005223,14.885950232005223,1.0,0.0006321430206298828,0.007969951629638672,0.005211305618286133
48,948.0,2.0,1.0,82.86427728546842,18.06267838836867,18.06267838836867,1.0,0.0006480216979980469,0.007969951629638672,0.005211305618286133
49,949.0,2.0,1.0,100.0,21.89570765694782,21.89570765694782,1.0,0.0006189823150634765,0.007969951629638672,0.005211305618286133
50,950.0,2.0,2.0,0.01,-2.026669871827157,36.53998463811111,0.0,0.0015934467315673827,0.0008808612823486328,0.013917827606201172
51,951.0,2.0,2.0,0.012067926406393288,-2.0246018798531247,36.53641636872838,0.0,0.001436138153076172,0.0008808612823486328,0.013917827606201172
52,952.0,2.0,2.0,0.014563484775012436,-2.022106329015968,36.53211800088621,0.0,0.0017147541046142578,0.0008808612823486328,0.013917827606201172
53,953.0,2.0,2.0,0.017575106248547922,-2.019094832276692,36.526932110120825,0.0,0.0014438152313232422,0.0008808612823486328,0.013917827606201172
54,954.0,2.0,2.0,0.021209508879201904,-2.015460372372734,36.520667592077984,0.0,0.001363849639892578,0.0008808612823486328,0.013917827606201172
55,955.0,2.0,2.0,0.025595479226995354,-2.0110743924908823,36.51310677721247,0.0,0.001278829574584961,0.0008808612823486328,0.013917827606201172
56,956.0,2.0,2.0,0.030888435964774818,-2.005781458272833,36.50399159700188,0.0,0.0013882637023925782,0.0008808612823486328,0.013917827606201172
57,957.0,2.0,2.0,0.0372759372031494,-1.9993939684058024,36.49302611366575,0.0,0.0011630535125732421,0.0008808612823486328,0.013917827606201172
58,958.0,2.0,2.0,0.04498432668969444,-1.9916854977927643,36.47979752082032,0.0,0.0011284351348876953,0.0008808612823486328,0.013917827606201172
59,959.0,2.0,2.0,0.05428675439323859,-1.982383164219219,36.46386161231023,0.0,0.0011513710021972656,0.0008808612823486328,0.013917827606201172
60,960.0,2.0,2.0,0.0655128556859551,-1.971156953363615,36.444621673303566,0.0,0.0010348320007324218,0.0008808612823486328,0.013917827606201172
61,961.0,2.0,2.0,0.07906043210907697,-1.9576095077950768,36.421462157146024,0.0,0.0016582012176513672,0.0008808612823486328,0.013917827606201172
62,962.0,2.0,2.0,0.09540954763499938,-1.9412602216913513,36.39352809042343,0.0,0.001177835464477539,0.0008808612823486328,0.013917827606201172
63,963.0,2.0,2.0,0.1151395399326447,-1.921801053209387,35.37000381128418,0.0,0.0011041641235351562,0.0008808612823486328,0.013917827606201172
64,964.0,2.0,2.0,0.13894954943731375,-1.898859733151987,34.319703763808654,0.0,0.001110982894897461,0.0008808612823486328,0.013917827606201172
65,965.0,2.0,2.0,0.16768329368110074,-1.872058979864049,33.44197010159992,0.0,0.00106048583984375,0.0008808612823486328,0.013917827606201172
66,966.0,2.0,2.0,0.20235896477251564,-1.8403647112600996,32.88927589765727,0.0,0.0009913921356201171,0.0008808612823486328,0.013917827606201172
67,967.0,2.0,2.0,0.24420530945486513,-1.8025754434589025,32.51498870438327,0.0,0.0009501934051513672,0.0008808612823486328,0.013917827606201172
68,968.0,2.0,2.0,0.29470517025518095,-1.7573170142150858,32.24481368783758,0.0,0.000995969772338867,0.0008808612823486328,0.013917827606201172
69,969.0,2.0,2.0,0.35564803062231287,-1.702968105768285,32.03455935836372,0.0,0.000958395004272461,0.0008808612823486328,0.013917827606201172
70,970.0,2.0,2.0,0.4291934260128777,-1.637593870105612,31.849584284417297,0.0,0.0009687900543212891,0.0008808612823486328,0.013917827606201172
71,971.0,2.0,2.0,0.517947467923121,-1.5589401337399758,31.534358678236977,0.0,0.0009369373321533204,0.0008808612823486328,0.013917827606201172
72,972.0,2.0,2.0,0.6250551925273969,-1.4662641105673337,30.70122587661486,0.0,0.0009594440460205078,0.0008808612823486328,0.013917827606201172
73,973.0,2.0,2.0,0.7543120063354615,-1.3597424431740377,29.04761385813838,0.0,0.0009831905364990235,0.0008808612823486328,0.013917827606201172
74,974.0,2.0,2.0,0.9102981779915218,-1.2370404308590444,27.58615511962605,0.0,0.0009414196014404297,0.0008808612823486328,0.013917827606201172
75,975.0,2.0,2.0,1.0985411419875584,-1.0953339395596648,26.08645389054932,0.0,0.0009793758392333985,0.0008808612823486328,0.013917827606201172
76,976.0,2.0,2.0,1.325711365590108,-0.9333952385468317,24.13139293696812,0.0,0.0010121822357177734,0.0008808612823486328,0.013917827606201172
77,977.0,2.0,2.0,1.5998587196060574,-0.7502884446087346,21.866336401028143,0.0,0.0010166645050048828,0.0008808612823486328,0.013917827606201172
78,978.0,2.0,2.0,1.9306977288832496,-0.5472427153529619,19.207774905992103,0.0,0.0010663986206054688,0.0008808612823486328,0.013917827606201172
79,979.0,2.0,2.0,2.329951810515372,-0.33577849636179585,14.98233013478127,0.0,0.000965118408203125,0.0008808612823486328,0.013917827606201172
80,980.0,2.0,2.0,2.811768697974228,-0.1300361978211539,11.146298085401451,0.0,0.0009222030639648438,0.0008808612823486328,0.013917827606201172
81,981.0,2.0,2.0,3.393221771895326,0.07208932447443324,8.174420543102167,0.0,0.0009326457977294922,0.0008808612823486328,0.013917827606201172
82,982.0,2.0,2.0,4.094915062380423,0.27896793516283724,6.281029725608268,0.0,0.0008962154388427734,0.0008808612823486328,0.013917827606201172
83,983.0,2.0,2.0,4.941713361323833,0.5036518351045072,5.078738090331902,0.0,0.0008913516998291015,0.0008808612823486328,0.013917827606201172
84,984.0,2.0,2.0,5.963623316594642,0.7588934290507562,4.271224397482781,0.0,0.0008940219879150391,0.0008808612823486328,0.013917827606201172
85,985.0,2.0,2.0,7.196856730011514,1.055938374259957,3.6983217112368236,0.0,0.0009923458099365234,0.0008808612823486328,0.013917827606201172
86,986.0,2.0,2.0,8.68511373751352,1.4058960144766481,3.328909036031054,0.0,0.0009535789489746094,0.0008808612823486328,0.013917827606201172
87,987.0,2.0,2.0,10.481131341546853,1.8213176550864223,3.1338076754403867,0.0,0.0009791851043701172,0.0008808612823486328,0.013917827606201172
88,988.0,2.0,2.0,12.648552168552959,2.3171996443109855,3.1184919467969485,0.0,0.001009511947631836,0.0008808612823486328,0.013917827606201172
89,989.0,2.0,2.0,15.26417967175232,2.91125889690678,3.3250326326145605,0.0,0.0010131359100341796,0.0008808612823486328,0.013917827606201172
90,990.0,2.0,2.0,18.420699693267146,3.6246245606874177,3.79953460958449,0.0,0.0009278297424316406,0.0008808612823486328,0.013917827606201172
91,991.0,2.0,2.0,22.229964825261934,4.482618154754184,4.525928326220297,0.0,0.0008708000183105469,0.0008808612823486328,0.013917827606201172
92,992.0,2.0,2.0,26.82695795279725,5.5156671082996835,5.523412713189193,0.2,0.0009294509887695313,0.0008808612823486328,0.013917827606201172
93,993.0,2.0,2.0,32.374575428176435,6.760391119934707,6.760391119934707,1.0,0.0009283542633056641,0.0008808612823486328,0.013917827606201172
94,994.0,2.0,2.0,39.06939937054613,8.26090540839331,8.26090540839331,1.0,0.000989389419555664,0.0008808612823486328,0.013917827606201172
95,995.0,2.0,2.0,47.1486636345739,10.07038524429815,10.07038524429815,1.0,0.0009407997131347656,0.0008808612823486328,0.013917827606201172
96,996.0,2.0,2.0,56.89866029018293,12.252952797053652,12.252952797053652,1.0,0.001024150848388672,0.0008808612823486328,0.013917827606201172
97,997.0,2.0,2.0,68.66488450042998,14.885950012304534,14.885950012304534,1.0,0.0011602401733398437,0.0008808612823486328,0.013917827606201172
98,998.0,2.0,2.0,82.86427728546842,18.062678589858574,18.06267858985857,1.0,0.0009195804595947266,0.0008808612823486328,0.013917827606201172
99,999.0,2.0,2.0,100.0,21.895707210816852,21.89570721081686,1.0,0.0008845806121826171,0.0008808612823486328,0.013917827606201172
100,1000.0,2.0,3.0,0.01,-2.0266699044570236,36.53998597755435,0.0,0.0021471500396728514,0.0010318279266357422,0.015459012985229493
101,1001.0,2.0,3.0,0.012067926406393288,-2.024601719298459,36.53641606379015,0.0,0.0019107818603515624,0.0010318279266357422,0.015459012985229493
102,1002.0,2.0,3.0,0.014563484775012436,-2.022106367950346,36.53212088816396,0.0,0.002183341979980469,0.0010318279266357422,0.015459012985229493
103,1003.0,2.0,3.0,0.017575106248547922,-2.0190947213672104,36.52692943853829,0.0,0.001750040054321289,0.0010318279266357422,0.015459012985229493
104,1004.0,2.0,3.0,0.021209508879201904,-2.0154603889614804,36.52066800896135,0.0,0.0016777515411376953,0.0010318279266357422,0.015459012985229493
105,1005.0,2.0,3.0,0.025595479226995354,-2.01107427393289,36.513106301188394,0.0,0.001634359359741211,0.0010318279266357422,0.015459012985229493
106,1006.0,2.0,3.0,0.030888435964774818,-2.00578138208369,36.50399018126634,0.0,0.001586008071899414,0.0010318279266357422,0.015459012985229493
107,1007.0,2.0,3.0,0.0372759372031494,-1.999393794009213,36.49301772236067,0.0,0.0015646457672119141,0.0010318279266357422,0.015459012985229493
108,1008.0,2.0,3.0,0.04498432668969444,-1.9916855903947142,36.479799569436146,0.0,0.0015306472778320312,0.0010318279266357422,0.015459012985229493
109,1009.0,2.0,3.0,0.05428675439323859,-1.9823831345845988,36.463858459263896,0.0,0.001493549346923828,0.0010318279266357422,0.015459012985229493
110,1010.0,2.0,3.0,0.0655128556859551,-1.9711570812318016,36.44462836574923,0.0,0.0014228343963623047,0.0010318279266357422,0.015459012985229493
111,1011.0,2.0,3.0,0.07906043210907697,-1.9576094292272341,36.42145912402631,0.0,0.0014415740966796874,0.0010318279266357422,0.015459012985229493
112,1012.0,2.0,3.0,0.09540954763499938,-1.9412603535646582,36.39331525395751,0.0,0.0013965606689453126,0.0010318279266357422,0.015459012985229493
113,1013.0,2.0,3.0,0.1151395399326447,-1.9218012074583535,35.36959520733542,0.0,0.0014636516571044922,0.0010318279266357422,0.015459012985229493
114,1014.0,2.0,3.0,0.13894954943731375,-1.8988598031834214,34.319864751812794,0.0,0.0014763832092285155,0.0010318279266357422,0.015459012985229493
115,1015.0,2.0,3.0,0.16768329368110074,-1.8720590181468701,33.44242859740916,0.0,0.001380014419555664,0.0010318279266357422,0.015459012985229493
116,1016.0,2.0,3.0,0.20235896477251564,-1.840364751290909,32.889004393997396,0.0,0.0015173912048339843,0.0010318279266357422,0.015459012985229493
117,1017.0,2.0,3.0,0.24420530945486513,-1.8025754455811742,32.514860447804175,0.0,0.0013598918914794922,0.0010318279266357422,0.015459012985229493
118,1018.0,2.0,3.0,0.29470517025518095,-1.7573170140712695,32.24510577536108,0.0,0.001340770721435547,0.0010318279266357422,0.015459012985229493
119,1019.0,2.0,3.0,0.35564803062231287,-1.7029681147084248,32.03466649180691,0.0,0.0012484550476074218,0.0010318279266357422,0.015459012985229493
120,1020.0,2.0,3.0,0.4291934260128777,-1.6375938415188038,31.849594372735766,0.0,0.0012256145477294923,0.0010318279266357422,0.015459012985229493
121,1021.0,2.0,3.0,0.517947467923121,-1.5589400329017171,31.53422887049327,0.0,0.0011861324310302734,0.0010318279266357422,0.015459012985229493
122,1022.0,2.0,3.0,0.6250551925273969,-1.4662642809898232,30.70099268867124,0.0,0.0012359619140625,0.0010318279266357422,0.015459012985229493
123,1023.0,2.0,3.0,0.7543120063354615,-1.3597424900832193,29.048018223979106,0.0,0.0012175559997558594,0.0010318279266357422,0.015459012985229493
124,1024.0,2.0,3.0,0.9102981779915218,-1.2370404443042968,27.58606492141797,0.0,0.0012637615203857423,0.0010318279266357422,0.015459012985229493
125,1025.0,2.0,3.0,1.0985411419875584,-1.0953339089712546,26.086603138229776,0.0,0.0012598514556884765,0.0010318279266357422,0.015459012985229493
126,1026.0,2.0,3.0,1.325711365590108,-0.9333951672429613,24.131988071444127,0.0,0.0011852264404296875,0.0010318279266357422,0.015459012985229493
127,1027.0,2.0,3.0,1.5998587196060574,-0.7502884240297873,21.866502196594666,0.0,0.0011914730072021484,0.0010318279266357422,0.015459012985229493
128,1028.0,2.0,3.0,1.9306977288832496,-0.5472426820390682,19.207937753019003,0.0,0.001253032684326172,0.0010318279266357422,0.015459012985229493
129,1029.0,2.0,3.0,2.329951810515372,-0.3357784793800056,14.982394328495378,0.0,0.0012444496154785157,0.0010318279266357422,0.015459012985229493
130,1030.0,2.0,3.0,2.811768697974228,-0.13003622590342687,11.146306361200297,0.0,0.0012050151824951171,0.0010318279266357422,0.015459012985229493
131,1031.0,2.0,3.0,3.393221771895326,0.0720893273354875,8.174712331737227,0.0,0.001209115982055664,0.0010318279266357422,0.015459012985229493
132,1032.0,2.0,3.0,4.094915062380423,0.27896794869858577,6.281265970824888,0.0,0.001149749755859375,0.0010318279266357422,0.015459012985229493
133,1033.0,2.0,3.0,4.941713361323833,0.503651853322409,5.079012347932478,0.0,0.001157999038696289,0.0010318279266357422,0.015459012985229493
134,1034.0,2.0,3.0,5.963623316594642,0.7588934318838221,4.271288309806388,0.0,0.0011919021606445312,0.0010318279266357422,0.015459012985229493
135,1035.0,2.0,3.0,7.196856730011514,1.0559383830604676,3.6984328759439955,0.0,0.0012321949005126953,0.0010318279266357422,0.015459012985229493
136,1036.0,2.0,3.0,8.68511373751352,1.4058960216564755,3.3289835083709614,0.0,0.0011871814727783202,0.0010318279266357422,0.015459012985229493
137,1037.0,2.0,3.0,10.481131341546853,1.8213176675990712,3.133866107845841,0.0,0.0011804580688476562,0.0010318279266357422,0.015459012985229493
138,1038.0,2.0,3.0,12.648552168552959,2.317199665069117,3.118526078955446,0.0,0.0011692047119140625,0.0010318279266357422,0.015459012985229493
139,1039.0,2.0,3.0,15.26417967175232,2.911258879858961,3.325013685515104,0.0,0.0011075973510742188,0.0010318279266357422,0.015459012985229493
140,1040.0,2.0,3.0,18.420699693267146,3.624624600721158,3.7995386805234452,0.0,0.0013447284698486328,0.0010318279266357422,0.015459012985229493
141,1041.0,2.0,3.0,22.229964825261934,4.4826182188326715,4.52592903871559,0.0,0.0012887477874755859,0.0010318279266357422,0.015459012985229493
142,1042.0,2.0,3.0,26.82695795279725,5.515667101970939,5.523412684871216,0.2,0.0012303829193115235,0.0010318279266357422,0.015459012985229493
143,1043.0,2.0,3.0,32.374575428176435,6.7603912853892,6.7603912853892,1.0,0.001255369186401367,0.0010318279266357422,0.015459012985229493
144,1044.0,2.0,3.0,39.06939937054613,8.260905412308382,8.260905412308384,1.0,0.0012918472290039062,0.0010318279266357422,0.015459012985229493
145,1045.0,2.0,3.0,47.1486636345739,10.070385281960407,10.070385281960405,1.0,0.0012661933898925782,0.0010318279266357422,0.015459012985229493
146,1046.0,2.0,3.0,56.89866029018293,12.252952922839096,12.2529529228391,1.0,0.0012054443359375,0.0010318279266357422,0.015459012985229493
147,1047.0,2.0,3.0,68.66488450042998,14.885949972751982,14.885949972751977,1.0,0.0012221813201904296,0.0010318279266357422,0.015459012985229493
148,1048.0,2.0,3.0,82.86427728546842,18.062678591079496,18.062678591079496,1.0,0.001294422149658203,0.0010318279266357422,0.015459012985229493
149,1049.0,2.0,3.0,100.0,21.895707687642407,21.895707687642403,1.0,0.0011893749237060548,0.0010318279266357422,0.015459012985229493
150,1050.0,2.0,4.0,0.01,-2.0266698867502626,36.539983809548595,0.0,0.002761650085449219,0.001026153564453125,0.017685842514038087
151,1051.0,2.0,4.0,0.012067926406393288,-2.0246018506435846,36.536419487606125,0.0,0.002874612808227539,0.001026153564453125,0.017685842514038087
152,1052.0,2.0,4.0,0.014563484775012436,-2.022106255486796,36.53211678597266,0.0,0.0023287296295166015,0.001026153564453125,0.017685842514038087
153,1053.0,2.0,4.0,0.017575106248547922,-2.0190946154371545,36.52692397433809,0.0,0.002365875244140625,0.001026153564453125,0.017685842514038087
154,1054.0,2.0,4.0,0.021209508879201904,-2.015460248282598,36.52066580338048,0.0,0.0023283958435058594,0.001026153564453125,0.017685842514038087
155,1055.0,2.0,4.0,0.025595479226995354,-2.0110744291018134,36.51310989591657,0.0,0.002160978317260742,0.001026153564453125,0.017685842514038087
156,1056.0,2.0,4.0,0.030888435964774818,-2.0057814529704965,36.503993197619764,0.0,0.002129220962524414,0.001026153564453125,0.017685842514038087
157,1057.0,2.0,4.0,0.0372759372031494,-1.9993939762254258,36.49302609516634,0.0,0.0020485877990722655,0.001026153564453125,0.017685842514038087
158,1058.0,2.0,4.0,0.04498432668969444,-1.9916855199563213,36.479797727805504,0.0,0.00209197998046875,0.001026153564453125,0.017685842514038087
159,1059.0,2.0,4.0,0.05428675439323859,-1.9823831193009158,36.4638611451194,0.0,0.0019117832183837891,0.001026153564453125,0.017685842514038087
160,1060.0,2.0,4.0,0.0655128556859551,-1.9711570555932094,36.44462756285229,0.0,0.0019276142120361328,0.001026153564453125,0.017685842514038087
161,1061.0,2.0,4.0,0.07906043210907697,-1.957609379554731,36.42145277725905,0.0,0.0018999576568603516,0.001026153564453125,0.017685842514038087
162,1062.0,2.0,4.0,0.09540954763499938,-1.9412603676999933,36.393545256549466,0.0,0.00206904411315918,0.001026153564453125,0.017685842514038087
163,1063.0,2.0,4.0,0.1151395399326447,-1.9218011911093655,35.36919095066745,0.0,0.0020119667053222655,0.001026153564453125,0.017685842514038087
164,1064.0,2.0,4.0,0.13894954943731375,-1.8988599245507936,34.31935041205721,0.0,0.0018215656280517578,0.001026153564453125,0.017685842514038087
165,1065.0,2.0,4.0,0.16768329368110074,-1.872058996387572,33.44233547598897,0.0,0.0017125606536865234,0.001026153564453125,0.017685842514038087
166,1066.0,2.0,4.0,0.20235896477251564,-1.8403648599585778,32.889446949994706,0.0,0.0017172336578369141,0.001026153564453125,0.017685842514038087
167,1067.0,2.0,4.0,0.24420530945486513,-1.8025756043311045,32.514925317021905,0.0,0.0016319751739501953,0.001026153564453125,0.017685842514038087
168,1068.0,2.0,4.0,0.29470517025518095,-1.7573170149227297,32.244954629072616,0.0,0.0016329765319824218,0.001026153564453125,0.017685842514038087
169,1069.0,2.0,4.0,0.35564803062231287,-1.7029680733586843,32.0345762819134,0.0,0.0015908241271972655,0.001026153564453125,0.017685842514038087
170,1070.0,2.0,4.0,0.4291934260128777,-1.6375938869695887,31.84959666309451,0.0,0.001504802703857422,0.001026153564453125,0.017685842514038087
171,1071.0,2.0,4.0,0.517947467923121,-1.5589401426484812,31.53430219019139,0.0,0.0018694400787353516,0.001026153564453125,0.017685842514038087
172,1072.0,2.0,4.0,0.6250551925273969,-1.46626426097099,30.702370375351528,0.0,0.0017376422882080078,0.001026153564453125,0.017685842514038087
173,1073.0,2.0,4.0,0.7543120063354615,-1.359742531054982,29.048056018676753,0.0,0.0015524864196777345,0.001026153564453125,0.017685842514038087
174,1074.0,2.0,4.0,0.9102981779915218,-1.2370404396245775,27.586221339683323,0.0,0.001467418670654297,0.001026153564453125,0.017685842514038087
175,1075.0,2.0,4.0,1.0985411419875584,-1.0953339744453117,26.0866340470843,0.0,0.0015265941619873047,0.001026153564453125,0.017685842514038087
176,1076.0,2.0,4.0,1.325711365590108,-0.9333952956299288,24.13160182971266,0.0,0.0016757965087890625,0.001026153564453125,0.017685842514038087
177,1077.0,2.0,4.0,1.5998587196060574,-0.7502883535211289,21.866550406164492,0.0,0.0016042232513427735,0.001026153564453125,0.017685842514038087
178,1078.0,2.0,4.0,1.9306977288832496,-0.5472427087968221,19.2078426603094,0.0,0.0016087532043457032,0.001026153564453125,0.017685842514038087
179,1079.0,2.0,4.0,2.329951810515372,-0.3357785161738949,14.9823278580372,0.0,0.0016307830810546875,0.001026153564453125,0.017685842514038087
180,1080.0,2.0,4.0,2.811768697974228,-0.13003619129051422,11.146241155829964,0.0,0.001543569564819336,0.001026153564453125,0.017685842514038087
181,1081.0,2.0,4.0,3.393221771895326,0.07208932464227819,8.17449496308917,0.0,0.0015253067016601563,0.001026153564453125,0.017685842514038087
182,1082.0,2.0,4.0,4.094915062380423,0.2789679432858447,6.281037037921907,0.0,0.0014667987823486328,0.001026153564453125,0.017685842514038087
183,1083.0,2.0,4.0,4.941713361323833,0.5036518400405214,5.078786529334266,0.0,0.0014302253723144532,0.001026153564453125,0.017685842514038087
184,1084.0,2.0,4.0,5.963623316594642,0.7588934389601754,4.271225231619919,0.0,0.001447439193725586,0.001026153564453125,0.017685842514038087
185,1085.0,2.0,4.0,7.196856730011514,1.0559383834013158,3.698380397573362,0.0,0.0015284061431884766,0.001026153564453125,0.017685842514038087
186,1086.0,2.0,4.0,8.68511373751352,1.4058960235815676,3.328990202691022,0.0,0.0014796733856201171,0.001026153564453125,0.017685842514038087
187,1087.0,2.0,4.0,10.481131341546853,1.821317674116483,3.133874272569291,0.0,0.0016941547393798829,0.001026153564453125,0.017685842514038087
188,1088.0,2.0,4.0,12.648552168552959,2.3171996604813136,3.1185144155628763,0.0,0.0015900135040283203,0.001026153564453125,0.017685842514038087
189,1089.0,2.0,4.0,15.26417967175232,2.9112589108341056,3.3250174126742893,0.0,0.0014614105224609376,0.001026153564453125,0.017685842514038087
190,1090.0,2.0,4.0,18.420699693267146,3.6246245895623885,3.7995505951945274,0.0,0.001397991180419922,0.001026153564453125,0.017685842514038087
191,1091.0,2.0,4.0,22.229964825261934,4.482618238741177,4.52592939557954,0.0,0.0014686107635498047,0.001026153564453125,0.017685842514038087
192,1092.0,2.0,4.0,26.82695795279725,5.5156671185318125,5.523412883069966,0.2,0.001514768600463867,0.001026153564453125,0.017685842514038087
193,1093.0,2.0,4.0,32.374575428176435,6.760391300352424,6.760391300352424,1.0,0.0018752574920654296,0.001026153564453125,0.017685842514038087
194,1094.0,2.0,4.0,39.06939937054613,8.260905508216359,8.260905508216359,1.0,0.0015115737915039062,0.001026153564453125,0.017685842514038087
195,1095.0,2.0,4.0,47.1486636345739,10.070385356368742,10.070385356368742,1.0,0.0015810489654541015,0.001026153564453125,0.017685842514038087
196,1096.0,2.0,4.0,56.89866029018293,12.25295299682712,12.252952996827121,1.0,0.001615619659423828,0.001026153564453125,0.017685842514038087
197,1097.0,2.0,4.0,68.66488450042998,14.885950150047986,14.885950150047986,1.0,0.0015775680541992188,0.001026153564453125,0.017685842514038087
198,1098.0,2.0,4.0,82.86427728546842,18.06267841124905,18.062678411249045,1.0,0.001425790786743164,0.001026153564453125,0.017685842514038087
199,1099.0,2.0,4.0,100.0,21.895707849224912,21.895707849224912,1.0,0.0015110492706298829,0.001026153564453125,0.017685842514038087
200,1100.0,2.0,5.0,0.01,-2.0266698654908635,36.539983541958165,0.0,0.003199005126953125,0.0010824203491210938,0.018284082412719727
201,1101.0,2.0,5.0,0.012067926406393288,-2.024601907367892,36.53641918533714,0.0,0.002873945236206055,0.0010824203491210938,0.018284082412719727
202,1102.0,2.0,5.0,0.014563484775012436,-2.0221062897046678,36.53211937975952,0.0,0.0027862548828125,0.0010824203491210938,0.018284082412719727
203,1103.0,2.0,5.0,0.017575106248547922,-2.0190945929728583,36.526924485157444,0.0,0.002626991271972656,0.0010824203491210938,0.018284082412719727
204,1104.0,2.0,5.0,0.021209508879201904,-2.0154602267163337,36.520662723722495,0.0,0.0027868270874023436,0.0010824203491210938,0.018284082412719727
205,1105.0,2.0,5.0,0.025595479226995354,-2.0110743639571345,36.51310780905793,0.0,0.002567625045776367,0.0010824203491210938,0.018284082412719727
206,1106.0,2.0,5.0,0.030888435964774818,-2.0057812136086683,36.50398518955451,0.0,0.0024385929107666017,0.0010824203491210938,0.018284082412719727
207,1107.0,2.0,5.0,0.0372759372031494,-1.999393907730458,36.493025323546625,0.0,0.0023903846740722656,0.0010824203491210938,0.018284082412719727
208,1108.0,2.0,5.0,0.04498432668969444,-1.9916854880033152,36.479797251514114,0.0,0.002589130401611328,0.0010824203491210938,0.018284082412719727
209,1109.0,2.0,5.0,0.05428675439323859,-1.9823829359660308,36.46385389738246,0.0,0.00233607292175293,0.0010824203491210938,0.018284082412719727
210,1110.0,2.0,5.0,0.0655128556859551,-1.9711570121105004,36.44462559628465,0.0,0.0022039890289306642,0.0010824203491210938,0.018284082412719727
211,1111.0,2.0,5.0,0.07906043210907697,-1.9576094396629322,36.421459328086975,0.0,0.0022081851959228514,0.0010824203491210938,0.018284082412719727
212,1112.0,2.0,5.0,0.09540954763499938,-1.9412603020862782,36.393417773010114,0.0,0.0022507667541503905,0.0010824203491210938,0.018284082412719727
213,1113.0,2.0,5.0,0.1151395399326447,-1.9218012478030126,35.36925348587458,0.0,0.002137422561645508,0.0010824203491210938,0.018284082412719727
214,1114.0,2.0,5.0,0.13894954943731375,-1.8988598554529912,34.319441142023386,0.0,0.0021972179412841795,0.0010824203491210938,0.018284082412719727
215,1115.0,2.0,5.0,0.16768329368110074,-1.8720591171311238,33.44246783317912,0.0,0.0019586563110351564,0.0010824203491210938,0.018284082412719727
216,1116.0,2.0,5.0,0.20235896477251564,-1.8403646423311357,32.88959242721715,0.0,0.002143573760986328,0.0010824203491210938,0.018284082412719727
217,1117.0,2.0,5.0,0.24420530945486513,-1.8025754647168069,32.5155042059998,0.0,0.00197453498840332,0.0010824203491210938,0.018284082412719727
218,1118.0,2.0,5.0,0.29470517025518095,-1.7573169972764506,32.24512691590668,0.0,0.001970195770263672,0.0010824203491210938,0.018284082412719727
219,1119.0,2.0,5.0,0.35564803062231287,-1.7029681383239328,32.03463105009813,0.0,0.0019219875335693359,0.0010824203491210938,0.018284082412719727
220,1120.0,2.0,5.0,0.4291934260128777,-1.6375939286547645,31.849611452043245,0.0,0.0019596099853515627,0.0010824203491210938,0.018284082412719727
221,1121.0,2.0,5.0,0.517947467923121,-1.5589402076950707,31.53442584202976,0.0,0.0019519805908203125,0.0010824203491210938,0.018284082412719727
222,1122.0,2.0,5.0,0.6250551925273969,-1.466264324851466,30.701766647022914,0.0,0.0020323753356933593,0.0010824203491210938,0.018284082412719727
223,1123.0,2.0,5.0,0.7543120063354615,-1.3597425637817704,29.047967476953495,0.0,0.0018915653228759766,0.0010824203491210938,0.018284082412719727
224,1124.0,2.0,5.0,0.9102981779915218,-1.237040432339023,27.586234614187525,0.0,0.001932382583618164,0.0010824203491210938,0.018284082412719727
225,1125.0,2.0,5.0,1.0985411419875584,-1.0953339270095506,26.086591348330284,0.0,0.002794790267944336,0.0010824203491210938,0.018284082412719727
226,1126.0,2.0,5.0,1.325711365590108,-0.9333952588325556,24.131804952099714,0.0,0.002434253692626953,0.0010824203491210938,0.018284082412719727
227,1127.0,2.0,5.0,1.5998587196060574,-0.7502883996267868,21.866739988281495,0.0,0.002535247802734375,0.0010824203491210938,0.018284082412719727
228,1128.0,2.0,5.0,1.9306977288832496,-0.5472426949588817,19.20768423952443,0.0,0.002030038833618164,0.0010824203491210938,0.018284082412719727
229,1129.0,2.0,5.0,2.329951810515372,-0.3357784881539829,14.982268958914508,0.0,0.0020760059356689452,0.0010824203491210938,0.018284082412719727
230,1130.0,2.0,5.0,2.811768697974228,-0.1300362208258095,11.146258738683786,0.0,0.002720022201538086,0.0010824203491210938,0.018284082412719727
231,1131.0,2.0,5.0,3.393221771895326,0.0720893491421635,8.174424644113756,0.0,0.0017842292785644532,0.0010824203491210938,0.018284082412719727
232,1132.0,2.0,5.0,4.094915062380423,0.27896794795039803,6.2810278022439805,0.0,0.001764535903930664,0.0010824203491210938,0.018284082412719727
233,1133.0,2.0,5.0,4.941713361323833,0.5036518531323667,5.078906997390625,0.0,0.0016155242919921875,0.0010824203491210938,0.018284082412719727
234,1134.0,2.0,5.0,5.963623316594642,0.758893443016816,4.27128194251334,0.0,0.0017708301544189452,0.0010824203491210938,0.018284082412719727
235,1135.0,2.0,5.0,7.196856730011514,1.0559383876269988,3.698459768834695,0.0,0.0016858577728271484,0.0010824203491210938,0.018284082412719727
236,1136.0,2.0,5.0,8.68511373751352,1.4058960255427668,3.328994666816166,0.0,0.001605987548828125,0.0010824203491210938,0.018284082412719727
237,1137.0,2.0,5.0,10.481131341546853,1.82131767500533,3.1339040366285675,0.0,0.0017103195190429688,0.0010824203491210938,0.018284082412719727
238,1138.0,2.0,5.0,12.648552168552959,2.317199666034939,3.118569315024744,0.0,0.0016047954559326172,0.0010824203491210938,0.018284082412719727
239,1139.0,2.0,5.0,15.26417967175232,2.911258929838817,3.325068011060192,0.0,0.0016156673431396485,0.0010824203491210938,0.018284082412719727
240,1140.0,2.0,5.0,18.420699693267146,3.6246246162980604,3.799562702903798,0.0,0.0016865730285644531,0.0010824203491210938,0.018284082412719727
241,1141.0,2.0,5.0,22.229964825261934,4.482618235334239,4.5259318129771415,0.0,0.0015393733978271485,0.0010824203491210938,0.018284082412719727
242,1142.0,2.0,5.0,26.82695795279725,5.515667145246805,5.523412907253649,0.2,0.0017688751220703125,0.0010824203491210938,0.018284082412719727
243,1143.0,2.0,5.0,32.374575428176435,6.760391282753578,6.760391282753579,1.0,0.0016669273376464845,0.0010824203491210938,0.018284082412719727
244,1144.0,2.0,5.0,39.06939937054613,8.260905526777066,8.260905526777064,1.0,0.001741170883178711,0.0010824203491210938,0.018284082412719727
245,1145.0,2.0,5.0,47.1486636345739,10.070385389211845,10.070385389211845,1.0,0.0018172264099121094,0.0010824203491210938,0.018284082412719727
246,1146.0,2.0,5.0,56.89866029018293,12.252952980733006,12.252952980733008,1.0,0.0018819808959960938,0.0010824203491210938,0.018284082412719727
247,1147.0,2.0,5.0,68.66488450042998,14.885949880901444,14.885949880901444,1.0,0.0017809867858886719,0.0010824203491210938,0.018284082412719727
248,1148.0,2.0,5.0,82.86427728546842,18.06267870598638,18.06267870598638,1.0,0.0017774105072021484,0.0010824203491210938,0.018284082412719727
249,1149.0,2.0,5.0,100.0,21.89570772180418,21.89570772180418,1.0,0.001797962188720703,0.0010824203491210938,0.018284082412719727
250,1150.0,2.0,20.0,0.01,-2.0266698120369058,36.53998275893084,0.0,0.003381633758544922,0.0019467830657958984,0.03346471786499024
251,1151.0,2.0,20.0,0.012067926406393288,-2.024601690480563,36.536414665636904,0.0,0.00289769172668457,0.0019467830657958984,0.03346471786499024
252,1152.0,2.0,20.0,0.014563484775012436,-2.022106433337232,36.53212063309776,0.0,0.002802610397338867,0.0019467830657958984,0.03346471786499024
253,1153.0,2.0,20.0,0.017575106248547922,-2.019094758523095,36.526928155755144,0.0,0.0027248382568359373,0.0019467830657958984,0.03346471786499024
254,1154.0,2.0,20.0,0.021209508879201904,-2.015460230780079,36.52066197304041,0.0,0.002720022201538086,0.0019467830657958984,0.03346471786499024
255,1155.0,2.0,20.0,0.025595479226995354,-2.011074232684018,36.51310700816307,0.0,0.0026463985443115233,0.0019467830657958984,0.03346471786499024
256,1156.0,2.0,20.0,0.030888435964774818,-2.005781485962104,36.503993851180915,0.0,0.0026787757873535157,0.0019467830657958984,0.03346471786499024
257,1157.0,2.0,20.0,0.0372759372031494,-1.9993938256059742,36.49302349659909,0.0,0.0025730133056640625,0.0019467830657958984,0.03346471786499024
258,1158.0,2.0,20.0,0.04498432668969444,-1.9916852195331032,36.479787490675484,0.0,0.002545022964477539,0.0019467830657958984,0.03346471786499024
259,1159.0,2.0,20.0,0.05428675439323859,-1.982383087850391,36.46385675209749,0.0,0.002534151077270508,0.0019467830657958984,0.03346471786499024
260,1160.0,2.0,20.0,0.0655128556859551,-1.971156792150826,36.444620349955414,0.0,0.00247802734375,0.0019467830657958984,0.03346471786499024
261,1161.0,2.0,20.0,0.07906043210907697,-1.9576094264344384,36.42146032977469,0.0,0.003451251983642578,0.0019467830657958984,0.03346471786499024
262,1162.0,2.0,20.0,0.09540954763499938,-1.9412600696981375,36.3920850117872,0.0,0.0025499820709228515,0.0019467830657958984,0.03346471786499024
263,1163.0,2.0,20.0,0.1151395399326447,-1.921801242429487,35.36908572203103,0.0,0.00236363410949707,0.0019467830657958984,0.03346471786499024
264,1164.0,2.0,20.0,0.13894954943731375,-1.898859774309242,34.31970400115047,0.0,0.002344036102294922,0.0019467830657958984,0.03346471786499024
265,1165.0,2.0,20.0,0.16768329368110074,-1.8720590283407141,33.44227091381544,0.0,0.0022796154022216796,0.0019467830657958984,0.03346471786499024
266,1166.0,2.0,20.0,0.20235896477251564,-1.840364691455239,32.889106091805935,0.0,0.0022336483001708985,0.0019467830657958984,0.03346471786499024
267,1167.0,2.0,20.0,0.24420530945486513,-1.802575443619522,32.514909844775815,0.0,0.0021697998046875,0.0019467830657958984,0.03346471786499024
268,1168.0,2.0,20.0,0.29470517025518095,-1.7573169829955222,32.244783230672724,0.0,0.0021718025207519533,0.0019467830657958984,0.03346471786499024
269,1169.0,2.0,20.0,0.35564803062231287,-1.7029679818413617,32.03456250446892,0.0,0.0021650314331054686,0.0019467830657958984,0.03346471786499024
270,1170.0,2.0,20.0,0.4291934260128777,-1.637593864876753,31.849590471456697,0.0,0.0020600318908691405,0.0019467830657958984,0.03346471786499024
271,1171.0,2.0,20.0,0.517947467923121,-1.5589401613015512,31.534154914672524,0.0,0.0021859169006347655,0.0019467830657958984,0.03346471786499024
272,1172.0,2.0,20.0,0.6250551925273969,-1.4662642194329818,30.70045308214074,0.0,0.002145814895629883,0.0019467830657958984,0.03346471786499024
273,1173.0,2.0,20.0,0.7543120063354615,-1.3597424217096576,29.046911055903745,0.0,0.001994419097900391,0.0019467830657958984,0.03346471786499024
274,1174.0,2.0,20.0,0.9102981779915218,-1.2370404907681551,27.585845068460838,0.0,0.002021169662475586,0.0019467830657958984,0.03346471786499024
275,1175.0,2.0,20.0,1.0985411419875584,-1.0953338143491809,26.086208862948343,0.0,0.0020609378814697267,0.0019467830657958984,0.03346471786499024
276,1176.0,2.0,20.0,1.325711365590108,-0.9333951881578653,24.131490733783778,0.0,0.0019860267639160156,0.0019467830657958984,0.03346471786499024
277,1177.0,2.0,20.0,1.5998587196060574,-0.7502884088614911,21.866513097510886,0.0,0.002018260955810547,0.0019467830657958984,0.03346471786499024
278,1178.0,2.0,20.0,1.9306977288832496,-0.5472426673750628,19.207753934190603,0.0,0.0021164417266845703,0.0019467830657958984,0.03346471786499024
279,1179.0,2.0,20.0,2.329951810515372,-0.33577844758477404,14.982166251700047,0.0,0.002058744430541992,0.0019467830657958984,0.03346471786499024
280,1180.0,2.0,20.0,2.811768697974228,-0.1300362054460944,11.146271131327023,0.0,0.002033853530883789,0.0019467830657958984,0.03346471786499024
281,1181.0,2.0,20.0,3.393221771895326,0.07208938350466165,8.174285317545458,0.0,0.001984405517578125,0.0019467830657958984,0.03346471786499024
282,1182.0,2.0,20.0,4.094915062380423,0.27896795588617457,6.281010813943999,0.0,0.0020409584045410155,0.0019467830657958984,0.03346471786499024
283,1183.0,2.0,20.0,4.941713361323833,0.5036518591556025,5.078733124411134,0.0,0.001902151107788086,0.0019467830657958984,0.03346471786499024
284,1184.0,2.0,20.0,5.963623316594642,0.7588934514791157,4.2712039132684225,0.0,0.0018856525421142578,0.0019467830657958984,0.03346471786499024
285,1185.0,2.0,20.0,7.196856730011514,1.055938408704024,3.698380100239312,0.0,0.001931476593017578,0.0019467830657958984,0.03346471786499024
286,1186.0,2.0,20.0,8.68511373751352,1.4058960612133258,3.328923719728864,0.0,0.001895570755004883,0.0019467830657958984,0.03346471786499024
287,1187.0,2.0,20.0,10.481131341546853,1.821317738596966,3.1338475085322113,0.0,0.001859569549560547,0.0019467830657958984,0.03346471786499024
288,1188.0,2.0,20.0,12.648552168552959,2.3171997520358416,3.1184945761500855,0.0,0.0018927574157714844,0.0019467830657958984,0.03346471786499024
289,1189.0,2.0,20.0,15.26417967175232,2.911259072224284,3.3250028582362874,0.0,0.0018437862396240234,0.0019467830657958984,0.03346471786499024
290,1190.0,2.0,20.0,18.420699693267146,3.624624680003933,3.7995342029243195,0.0,0.001981163024902344,0.0019467830657958984,0.03346471786499024
291,1191.0,2.0,20.0,22.229964825261934,4.4826183111110245,4.525928671460576,0.0,0.0019858360290527345,0.0019467830657958984,0.03346471786499024
292,1192.0,2.0,20.0,26.82695795279725,5.515667275504123,5.5234128861903375,0.2,0.0019320011138916015,0.0019467830657958984,0.03346471786499024
293,1193.0,2.0,20.0,32.374575428176435,6.76039137475274,6.76039137475274,1.0,0.0019408702850341798,0.0019467830657958984,0.03346471786499024
294,1194.0,2.0,20.0,39.06939937054613,8.26090572797247,8.26090572797247,1.0,0.001925182342529297,0.0019467830657958984,0.03346471786499024
295,1195.0,2.0,20.0,47.1486636345739,10.070385539855186,10.070385539855183,1.0,0.001918649673461914,0.0019467830657958984,0.03346471786499024
296,1196.0,2.0,20.0,56.89866029018293,12.252953234773855,12.252953234773853,1.0,0.001969003677368164,0.0019467830657958984,0.03346471786499024
297,1197.0,2.0,20.0,68.66488450042998,14.885950243996197,14.8859502439962,1.0,0.0019054889678955078,0.0019467830657958984,0.03346471786499024
298,1198.0,2.0,20.0,82.86427728546842,18.062678727742558,18.062678727742558,1.0,0.0019809722900390623,0.0019467830657958984,0.03346471786499024
299,1199.0,2.0,20.0,100.0,21.895707717558025,21.895707717558025,1.0,0.0021487712860107423,0.0019467830657958984,0.03346471786499024
300,1200.0,2.0,70.0,0.01,-2.02666947692297,36.53997594109588,0.0,0.007291126251220703,0.004272556304931641,0.0922269344329834
301,1201.0,2.0,70.0,0.012067926406393288,-2.0246018230372744,36.5364208422878,0.0,0.006578302383422852,0.004272556304931641,0.0922269344329834
302,1202.0,2.0,70.0,0.014563484775012436,-2.0221060571454674,36.53211612317905,0.0,0.006976413726806641,0.004272556304931641,0.0922269344329834
303,1203.0,2.0,70.0,0.017575106248547922,-2.0190947310558047,36.52693006580659,0.0,0.006632518768310547,0.004272556304931641,0.0922269344329834
304,1204.0,2.0,70.0,0.021209508879201904,-2.015460059687894,36.52066229663055,0.0,0.006700754165649414,0.004272556304931641,0.0922269344329834
305,1205.0,2.0,70.0,0.025595479226995354,-2.0110740639185627,36.51310413101368,0.0,0.00632171630859375,0.004272556304931641,0.0922269344329834
306,1206.0,2.0,70.0,0.030888435964774818,-2.0057812963764556,36.50399028274543,0.0,0.0063476085662841795,0.004272556304931641,0.0922269344329834
307,1207.0,2.0,70.0,0.0372759372031494,-1.9993935903476427,36.49301817364904,0.0,0.00584869384765625,0.004272556304931641,0.0922269344329834
308,1208.0,2.0,70.0,0.04498432668969444,-1.991685041660532,36.47979097560281,0.0,0.005752086639404297,0.004272556304931641,0.0922269344329834
309,1209.0,2.0,70.0,0.05428675439323859,-1.9823829051893298,36.46385639510137,0.0,0.005849647521972656,0.004272556304931641,0.0922269344329834
310,1210.0,2.0,70.0,0.0655128556859551,-1.9711569029503635,36.44462491859453,0.0,0.00579681396484375,0.004272556304931641,0.0922269344329834
311,1211.0,2.0,70.0,0.07906043210907697,-1.9576092871484512,36.42145502438909,0.0,0.005806779861450196,0.004272556304931641,0.0922269344329834
312,1212.0,2.0,70.0,0.09540954763499938,-1.9412602784673052,36.39342442381589,0.0,0.005637407302856445,0.004272556304931641,0.0922269344329834
313,1213.0,2.0,70.0,0.1151395399326447,-1.921800954954616,35.36918505496483,0.0,0.005447196960449219,0.004272556304931641,0.0922269344329834
314,1214.0,2.0,70.0,0.13894954943731375,-1.8988596497910368,34.31917867516172,0.0,0.005321025848388672,0.004272556304931641,0.0922269344329834
315,1215.0,2.0,70.0,0.16768329368110074,-1.872058860922115,33.441744563511875,0.0,0.0052815437316894535,0.004272556304931641,0.0922269344329834
316,1216.0,2.0,70.0,0.20235896477251564,-1.840364777349047,32.88925156459227,0.0,0.005070209503173828,0.004272556304931641,0.0922269344329834
317,1217.0,2.0,70.0,0.24420530945486513,-1.8025753829392042,32.515054981272854,0.0,0.005034065246582032,0.004272556304931641,0.0922269344329834
318,1218.0,2.0,70.0,0.29470517025518095,-1.7573168079329862,32.244750053221495,0.0,0.004854726791381836,0.004272556304931641,0.0922269344329834
319,1219.0,2.0,70.0,0.35564803062231287,-1.7029680097100013,32.03443383851561,0.0,0.0050866127014160155,0.004272556304931641,0.0922269344329834
320,1220.0,2.0,70.0,0.4291934260128777,-1.6375938871946054,31.84949274671945,0.0,0.004709863662719726,0.004272556304931641,0.0922269344329834
321,1221.0,2.0,70.0,0.517947467923121,-1.5589400481112965,31.534193489121144,0.0,0.005047416687011719,0.004272556304931641,0.0922269344329834
322,1222.0,2.0,70.0,0.6250551925273969,-1.466264282111648,30.70046087602181,0.0,0.005248212814331054,0.004272556304931641,0.0922269344329834
323,1223.0,2.0,70.0,0.7543120063354615,-1.3597423792056074,29.048054595447912,0.0,0.004970645904541016,0.004272556304931641,0.0922269344329834
324,1224.0,2.0,70.0,0.9102981779915218,-1.2370403690208704,27.58613078934012,0.0,0.005201959609985351,0.004272556304931641,0.0922269344329834
325,1225.0,2.0,70.0,1.0985411419875584,-1.0953339109899993,26.086617393156025,0.0,0.0049761772155761715,0.004272556304931641,0.0922269344329834
326,1226.0,2.0,70.0,1.325711365590108,-0.9333952116014241,24.13171330763358,0.0,0.004933214187622071,0.004272556304931641,0.0922269344329834
327,1227.0,2.0,70.0,1.5998587196060574,-0.7502884468238318,21.866816434828383,0.0,0.005277776718139648,0.004272556304931641,0.0922269344329834
328,1228.0,2.0,70.0,1.9306977288832496,-0.5472426698859918,19.207515108428368,0.0,0.004788732528686524,0.004272556304931641,0.0922269344329834
329,1229.0,2.0,70.0,2.329951810515372,-0.3357784878282034,14.982184518637391,0.0,0.0046390056610107425,0.004272556304931641,0.0922269344329834
330,1230.0,2.0,70.0,2.811768697974228,-0.1300361968865646,11.146421138279312,0.0,0.004966020584106445,0.004272556304931641,0.0922269344329834
331,1231.0,2.0,70.0,3.393221771895326,0.07208934910711448,8.174581395406488,0.0,0.004715871810913086,0.004272556304931641,0.0922269344329834
332,1232.0,2.0,70.0,4.094915062380423,0.2789679729960236,6.281180568928615,0.0,0.0046847820281982425,0.004272556304931641,0.0922269344329834
333,1233.0,2.0,70.0,4.941713361323833,0.503651913924498,5.078963281991583,0.0,0.004616451263427734,0.004272556304931641,0.0922269344329834
334,1234.0,2.0,70.0,5.963623316594642,0.7588934740532549,4.271341983126646,0.0,0.004651641845703125,0.004272556304931641,0.0922269344329834
335,1235.0,2.0,70.0,7.196856730011514,1.055938440147567,3.6984418367706207,0.0,0.004634952545166016,0.004272556304931641,0.0922269344329834
336,1236.0,2.0,70.0,8.68511373751352,1.4058960565025056,3.328992408398193,0.0,0.0045792579650878905,0.004272556304931641,0.0922269344329834
337,1237.0,2.0,70.0,10.481131341546853,1.821317759648966,3.1338312411480365,0.0,0.0042950153350830075,0.004272556304931641,0.0922269344329834
338,1238.0,2.0,70.0,12.648552168552959,2.3171998008660095,3.1185064039342256,0.0,0.004871177673339844,0.004272556304931641,0.0922269344329834
339,1239.0,2.0,70.0,15.26417967175232,2.9112589600283956,3.3250081670946434,0.0,0.004549598693847657,0.004272556304931641,0.0922269344329834
340,1240.0,2.0,70.0,18.420699693267146,3.624624805128338,3.799531702607242,0.0,0.004359579086303711,0.004272556304931641,0.0922269344329834
341,1241.0,2.0,70.0,22.229964825261934,4.482618453708238,4.5259282532659,0.0,0.004450607299804688,0.004272556304931641,0.0922269344329834
342,1242.0,2.0,70.0,26.82695795279725,5.5156672872107775,5.523412903821066,0.2,0.004387664794921875,0.004272556304931641,0.0922269344329834
343,1243.0,2.0,70.0,32.374575428176435,6.760391931777306,6.76039193177733,1.0,0.004517650604248047,0.004272556304931641,0.0922269344329834
344,1244.0,2.0,70.0,39.06939937054613,8.260906093901276,8.260906093901298,1.0,0.00436253547668457,0.004272556304931641,0.0922269344329834
345,1245.0,2.0,70.0,47.1486636345739,10.070386302657594,10.070386302657635,1.0,0.00449676513671875,0.004272556304931641,0.0922269344329834
346,1246.0,2.0,70.0,56.89866029018293,12.252953454549626,12.252953454549672,1.0,0.004753303527832031,0.004272556304931641,0.0922269344329834
347,1247.0,2.0,70.0,68.66488450042998,14.885950753923021,14.88595075392306,1.0,0.004627227783203125,0.004272556304931641,0.0922269344329834
348,1248.0,2.0,70.0,82.86427728546842,18.06267939392396,18.062679393924014,1.0,0.004822254180908203,0.004272556304931641,0.0922269344329834
349,1249.0,2.0,70.0,100.0,21.895708072947308,21.89570807294739,1.0,0.004688549041748047,0.004272556304931641,0.0922269344329834
350,1250.0,2.0,120.0,0.01,-2.0266690272232624,36.53997751414601,0.0,0.011165809631347657,0.007481288909912109,0.1586817741394043
351,1251.0,2.0,120.0,0.012067926406393288,-2.024601686211257,36.53641793012167,0.0,0.010872840881347656,0.007481288909912109,0.1586817741394043
352,1252.0,2.0,120.0,0.014563484775012436,-2.0221063925890483,36.53212198928678,0.0,0.010291433334350586,0.007481288909912109,0.1586817741394043
353,1253.0,2.0,120.0,0.017575106248547922,-2.0190944999063776,36.52692388441182,0.0,0.009898996353149414,0.007481288909912109,0.1586817741394043
354,1254.0,2.0,120.0,0.021209508879201904,-2.0154599467406067,36.52066012015024,0.0,0.009809637069702148,0.007481288909912109,0.1586817741394043
355,1255.0,2.0,120.0,0.025595479226995354,-2.011074153318515,36.513106131809835,0.0,0.010083150863647462,0.007481288909912109,0.1586817741394043
356,1256.0,2.0,120.0,0.030888435964774818,-2.005781360211839,36.50399066573643,0.0,0.009360599517822265,0.007481288909912109,0.1586817741394043
357,1257.0,2.0,120.0,0.0372759372031494,-1.9993929474731815,36.493006157912575,0.0,0.009739017486572266,0.007481288909912109,0.1586817741394043
358,1258.0,2.0,120.0,0.04498432668969444,-1.991685557480799,36.479799201079075,0.0,0.009255218505859374,0.007481288909912109,0.1586817741394043
359,1259.0,2.0,120.0,0.05428675439323859,-1.9823826164510572,36.463854748366835,0.0,0.009117031097412109,0.007481288909912109,0.1586817741394043
360,1260.0,2.0,120.0,0.0655128556859551,-1.9711568174919194,36.44460686332674,0.0,0.009210014343261718,0.007481288909912109,0.1586817741394043
361,1261.0,2.0,120.0,0.07906043210907697,-1.9576091069795485,36.42144916277352,0.0,0.00875997543334961,0.007481288909912109,0.1586817741394043
362,1262.0,2.0,120.0,0.09540954763499938,-1.9412601746894353,36.3928270604613,0.0,0.008962488174438477,0.007481288909912109,0.1586817741394043
363,1263.0,2.0,120.0,0.1151395399326447,-1.9218010429659813,35.369339187368624,0.0,0.00863962173461914,0.007481288909912109,0.1586817741394043
364,1264.0,2.0,120.0,0.13894954943731375,-1.8988595089026465,34.31972497626824,0.0,0.008589458465576173,0.007481288909912109,0.1586817741394043
365,1265.0,2.0,120.0,0.16768329368110074,-1.8720586829560208,33.44262040664576,0.0,0.008094978332519532,0.007481288909912109,0.1586817741394043
366,1266.0,2.0,120.0,0.20235896477251564,-1.8403646156031415,32.88915397032881,0.0,0.007946109771728516,0.007481288909912109,0.1586817741394043
367,1267.0,2.0,120.0,0.24420530945486513,-1.8025754130508822,32.51497191975682,0.0,0.008109617233276366,0.007481288909912109,0.1586817741394043
368,1268.0,2.0,120.0,0.29470517025518095,-1.7573168655719145,32.244814638157514,0.0,0.007707977294921875,0.007481288909912109,0.1586817741394043
369,1269.0,2.0,120.0,0.35564803062231287,-1.7029679565298774,32.03447146443313,0.0,0.007814788818359375,0.007481288909912109,0.1586817741394043
370,1270.0,2.0,120.0,0.4291934260128777,-1.6375939328595712,31.849429231302075,0.0,0.007866239547729493,0.007481288909912109,0.1586817741394043
371,1271.0,2.0,120.0,0.517947467923121,-1.5589401852070517,31.534093921992064,0.0,0.007781553268432617,0.007481288909912109,0.1586817741394043
372,1272.0,2.0,120.0,0.6250551925273969,-1.4662642278226579,30.700642429330298,0.0,0.0081573486328125,0.007481288909912109,0.1586817741394043
373,1273.0,2.0,120.0,0.7543120063354615,-1.3597425192229124,29.0477886397748,0.0,0.00853419303894043,0.007481288909912109,0.1586817741394043
374,1274.0,2.0,120.0,0.9102981779915218,-1.2370404177201586,27.586275476598995,0.0,0.00846567153930664,0.007481288909912109,0.1586817741394043
375,1275.0,2.0,120.0,1.0985411419875584,-1.0953339350243707,26.086734967885747,0.0,0.008121824264526368,0.007481288909912109,0.1586817741394043
376,1276.0,2.0,120.0,1.325711365590108,-0.9333952303770016,24.131728425547642,0.0,0.008059835433959961,0.007481288909912109,0.1586817741394043
377,1277.0,2.0,120.0,1.5998587196060574,-0.750288377248564,21.86688578236687,0.0,0.007854175567626954,0.007481288909912109,0.1586817741394043
378,1278.0,2.0,120.0,1.9306977288832496,-0.5472426621112327,19.20803289479801,0.0,0.007914543151855469,0.007481288909912109,0.1586817741394043
379,1279.0,2.0,120.0,2.329951810515372,-0.3357784842879471,14.982585010921252,0.0,0.007471656799316407,0.007481288909912109,0.1586817741394043
380,1280.0,2.0,120.0,2.811768697974228,-0.13003618388975186,11.146387787362425,0.0,0.007114410400390625,0.007481288909912109,0.1586817741394043
381,1281.0,2.0,120.0,3.393221771895326,0.07208935393107366,8.17462152972386,0.0,0.007378435134887696,0.007481288909912109,0.1586817741394043
382,1282.0,2.0,120.0,4.094915062380423,0.27896797426503833,6.281206392960218,0.0,0.00750584602355957,0.007481288909912109,0.1586817741394043
383,1283.0,2.0,120.0,4.941713361323833,0.5036518608709455,5.078840225346544,0.0,0.007314109802246093,0.007481288909912109,0.1586817741394043
384,1284.0,2.0,120.0,5.963623316594642,0.758893459752764,4.271291522643951,0.0,0.007328605651855469,0.007481288909912109,0.1586817741394043
385,1285.0,2.0,120.0,7.196856730011514,1.0559384409723793,3.6984380237839445,0.0,0.007535982131958008,0.007481288909912109,0.1586817741394043
386,1286.0,2.0,120.0,8.68511373751352,1.4058960926623025,3.329031184423786,0.0,0.007479143142700195,0.007481288909912109,0.1586817741394043
387,1287.0,2.0,120.0,10.481131341546853,1.8213177480718603,3.133897333573844,0.0,0.007361745834350586,0.007481288909912109,0.1586817741394043
388,1288.0,2.0,120.0,12.648552168552959,2.3171997546760084,3.1185128631305274,0.0,0.007953739166259766,0.007481288909912109,0.1586817741394043
389,1289.0,2.0,120.0,15.26417967175232,2.911258956144851,3.325009508574545,0.0,0.007198190689086914,0.007481288909912109,0.1586817741394043
390,1290.0,2.0,120.0,18.420699693267146,3.6246247497763426,3.799534928555264,0.0,0.007555627822875976,0.007481288909912109,0.1586817741394043
391,1291.0,2.0,120.0,22.229964825261934,4.482618398834278,4.525930512551305,0.0,0.007273387908935547,0.007481288909912109,0.1586817741394043
392,1292.0,2.0,120.0,26.82695795279725,5.515667704992879,5.523413363883483,0.2,0.006969594955444336,0.007481288909912109,0.1586817741394043
393,1293.0,2.0,120.0,32.374575428176435,6.76039190451867,6.760391904518714,1.0,0.007398223876953125,0.007481288909912109,0.1586817741394043
394,1294.0,2.0,120.0,39.06939937054613,8.26090591240052,8.260905912400558,1.0,0.007530641555786133,0.007481288909912109,0.1586817741394043
395,1295.0,2.0,120.0,47.1486636345739,10.070386421771328,10.070386421771376,1.0,0.007682085037231445,0.007481288909912109,0.1586817741394043
396,1296.0,2.0,120.0,56.89866029018293,12.25295564505657,12.252955645056625,1.0,0.007303953170776367,0.007481288909912109,0.1586817741394043
397,1297.0,2.0,120.0,68.66488450042998,14.88595392688271,14.88595392688276,1.0,0.00778493881225586,0.007481288909912109,0.1586817741394043
398,1298.0,2.0,120.0,82.86427728546842,18.062682177336946,18.062682177337027,1.0,0.007880401611328126,0.007481288909912109,0.1586817741394043
399,1299.0,2.0,120.0,100.0,21.895710711098022,21.89571071109815,1.0,0.007854366302490234,0.007481288909912109,0.1586817741394043
400,1300.0,2.0,240.0,0.01,-2.0266694690847644,36.53998315113039,0.0,0.02336740493774414,0.014704179763793946,0.317758846282959
401,1301.0,2.0,240.0,0.012067926406393288,-2.0246019085677927,36.53642295001138,0.0,0.022066736221313478,0.014704179763793946,0.317758846282959
402,1302.0,2.0,240.0,0.014563484775012436,-2.022105913364008,36.53211767220889,0.0,0.021318435668945312,0.014704179763793946,0.317758846282959
403,1303.0,2.0,240.0,0.017575106248547922,-2.0190943816311404,36.52692801120239,0.0,0.020230960845947266,0.014704179763793946,0.317758846282959
404,1304.0,2.0,240.0,0.021209508879201904,-2.01546006416111,36.52066704910009,0.0,0.018784618377685545,0.014704179763793946,0.317758846282959
405,1305.0,2.0,240.0,0.025595479226995354,-2.0110742355092373,36.51310861967462,0.0,0.020030784606933593,0.014704179763793946,0.317758846282959
406,1306.0,2.0,240.0,0.030888435964774818,-2.0057814154161226,36.50399382746362,0.0,0.018750810623168947,0.014704179763793946,0.317758846282959
407,1307.0,2.0,240.0,0.0372759372031494,-1.9993935285423645,36.49302151218848,0.0,0.018889188766479492,0.014704179763793946,0.317758846282959
408,1308.0,2.0,240.0,0.04498432668969444,-1.9916852597699013,36.47979781312466,0.0,0.018890237808227538,0.014704179763793946,0.317758846282959
409,1309.0,2.0,240.0,0.05428675439323859,-1.9823822148313752,36.46385173631323,0.0,0.017401647567749024,0.014704179763793946,0.317758846282959
410,1310.0,2.0,240.0,0.0655128556859551,-1.9711568666251815,36.44462619958174,0.0,0.01790318489074707,0.014704179763793946,0.317758846282959
411,1311.0,2.0,240.0,0.07906043210907697,-1.9576087904586568,36.421392969408956,0.0,0.01699800491333008,0.014704179763793946,0.317758846282959
412,1312.0,2.0,240.0,0.09540954763499938,-1.9412600742091919,36.39353660957837,0.0,0.01697430610656738,0.014704179763793946,0.317758846282959
413,1313.0,2.0,240.0,0.1151395399326447,-1.9218008040098902,35.3692975018566,0.0,0.01641359329223633,0.014704179763793946,0.317758846282959
414,1314.0,2.0,240.0,0.13894954943731375,-1.8988595306421012,34.3201486555533,0.0,0.017278575897216798,0.014704179763793946,0.317758846282959
415,1315.0,2.0,240.0,0.16768329368110074,-1.8720588189663925,33.44252141399334,0.0,0.017256975173950195,0.014704179763793946,0.317758846282959
416,1316.0,2.0,240.0,0.20235896477251564,-1.8403646492980834,32.88919592035787,0.0,0.01647953987121582,0.014704179763793946,0.317758846282959
417,1317.0,2.0,240.0,0.24420530945486513,-1.8025753851748032,32.51477558632124,0.0,0.015590524673461914,0.014704179763793946,0.317758846282959
418,1318.0,2.0,240.0,0.29470517025518095,-1.7573167530743858,32.24476344594946,0.0,0.016053485870361327,0.014704179763793946,0.317758846282959
419,1319.0,2.0,240.0,0.35564803062231287,-1.7029679951049146,32.03453013810439,0.0,0.016599178314208984,0.014704179763793946,0.317758846282959
420,1320.0,2.0,240.0,0.4291934260128777,-1.6375938379356871,31.84950012739057,0.0,0.01546649932861328,0.014704179763793946,0.317758846282959
421,1321.0,2.0,240.0,0.517947467923121,-1.5589401830813856,31.534196376801624,0.0,0.01477670669555664,0.014704179763793946,0.317758846282959
422,1322.0,2.0,240.0,0.6250551925273969,-1.4662642544628903,30.7011182755059,0.0,0.015066814422607423,0.014704179763793946,0.317758846282959
423,1323.0,2.0,240.0,0.7543120063354615,-1.3597424772018172,29.047376200871618,0.0,0.014925575256347657,0.014704179763793946,0.317758846282959
424,1324.0,2.0,240.0,0.9102981779915218,-1.2370404447387942,27.586464252048415,0.0,0.015285587310791016,0.014704179763793946,0.317758846282959
425,1325.0,2.0,240.0,1.0985411419875584,-1.0953338901871286,26.08690007018535,0.0,0.01558980941772461,0.014704179763793946,0.317758846282959
426,1326.0,2.0,240.0,1.325711365590108,-0.9333952278698293,24.132118339950882,0.0,0.015243148803710938,0.014704179763793946,0.317758846282959
427,1327.0,2.0,240.0,1.5998587196060574,-0.7502884031175748,21.867358049738346,0.0,0.01496744155883789,0.014704179763793946,0.317758846282959
428,1328.0,2.0,240.0,1.9306977288832496,-0.5472426767459675,19.20839430899235,0.0,0.014419841766357421,0.014704179763793946,0.317758846282959
429,1329.0,2.0,240.0,2.329951810515372,-0.33577846509904513,14.98308064374218,0.0,0.013748788833618164,0.014704179763793946,0.317758846282959
430,1330.0,2.0,240.0,2.811768697974228,-0.13003619489577659,11.14678487702969,0.0,0.014248132705688477,0.014704179763793946,0.317758846282959
431,1331.0,2.0,240.0,3.393221771895326,0.07208935622040011,8.174451090950809,0.0,0.013489007949829102,0.014704179763793946,0.317758846282959
432,1332.0,2.0,240.0,4.094915062380423,0.2789679520088985,6.2810422435001225,0.0,0.014127349853515625,0.014704179763793946,0.317758846282959
433,1333.0,2.0,240.0,4.941713361323833,0.5036518724332419,5.078912148913927,0.0,0.013141822814941407,0.014704179763793946,0.317758846282959
434,1334.0,2.0,240.0,5.963623316594642,0.7588934738237605,4.2713648586946515,0.0,0.01479339599609375,0.014704179763793946,0.317758846282959
435,1335.0,2.0,240.0,7.196856730011514,1.0559384502685325,3.698472301264559,0.0,0.015210294723510742,0.014704179763793946,0.317758846282959
436,1336.0,2.0,240.0,8.68511373751352,1.4058960769209166,3.3290180310210395,0.0,0.014403581619262695,0.014704179763793946,0.317758846282959
437,1337.0,2.0,240.0,10.481131341546853,1.8213176878642994,3.1338820015698903,0.0,0.014164543151855469,0.014704179763793946,0.317758846282959
438,1338.0,2.0,240.0,12.648552168552959,2.317199759118454,3.118531053494415,0.0,0.015312290191650391,0.014704179763793946,0.317758846282959
439,1339.0,2.0,240.0,15.26417967175232,2.9112589399582793,3.3250193084926623,0.0,0.01495499610900879,0.014704179763793946,0.317758846282959
440,1340.0,2.0,240.0,18.420699693267146,3.6246247110134426,3.799537137034021,0.0,0.01532440185546875,0.014704179763793946,0.317758846282959
441,1341.0,2.0,240.0,22.229964825261934,4.4826184412518,4.525931361790329,0.0,0.015398168563842773,0.014704179763793946,0.317758846282959
442,1342.0,2.0,240.0,26.82695795279725,5.5156677261321425,5.52341386135902,0.2,0.014895057678222657,0.014704179763793946,0.317758846282959
443,1343.0,2.0,240.0,32.374575428176435,6.760391618289953,6.760391618289944,1.0,0.014830636978149413,0.014704179763793946,0.317758846282959
444,1344.0,2.0,240.0,39.06939937054613,8.260907033166376,8.260907033166491,1.0,0.014551210403442382,0.014704179763793946,0.317758846282959
445,1345.0,2.0,240.0,47.1486636345739,10.070389378059179,10.07038937805927,1.0,0.014792251586914062,0.014704179763793946,0.317758846282959
446,1346.0,2.0,240.0,56.89866029018293,12.252961031087892,12.25296103108794,1.0,0.015215206146240234,0.014704179763793946,0.317758846282959
447,1347.0,2.0,240.0,68.66488450042998,14.885952795197838,14.885952795198042,1.0,0.01478719711303711,0.014704179763793946,0.317758846282959
448,1348.0,2.0,240.0,82.86427728546842,18.06268423709021,18.062684237090377,1.0,0.014975357055664062,0.014704179763793946,0.317758846282959
449,1349.0,2.0,240.0,100.0,21.895715526854495,21.895715526854993,1.0,0.014695215225219726,0.014704179763793946,0.317758846282959
