,index,r,K,steps,Epsilon,Opt_val,Eval_val,Loss_val,satisfy,solvetime,grad
0,540.0,2.0,1.0,0.0,5.623413251903491,0.6500264102219384,4.719377953063848,4.39070861980401,0.32,0.06670665740966797,"tensor(0., dtype=torch.float64)"
1,541.0,2.0,1.0,1.0,7.421462331102411,1.0911560536232379,3.7473395067850235,3.519164204081804,0.4,0.03391122817993164,"tensor(0., dtype=torch.float64)"
2,542.0,2.0,1.0,2.0,10.761612864053552,1.8730888168546307,3.1698796112064604,3.025684639836464,0.36,0.03467879295349121,"tensor(0., dtype=torch.float64)"
3,543.0,2.0,1.0,3.0,14.711640700761837,2.7764823953137405,3.2877738891680948,3.233969727307837,0.31999999999999995,0.03621554374694824,"tensor(0., dtype=torch.float64)"
4,544.0,2.0,1.0,4.0,16.771320977456515,3.243557986353185,3.531638907270873,3.5081699210192148,0.36,0.03539319038391113,"tensor(0., dtype=torch.float64)"
5,545.0,2.0,1.0,5.0,15.57315738795268,2.971404936899795,3.370217922681975,3.323991958613321,0.36,0.036503028869628903,"tensor(0., dtype=torch.float64)"
6,546.0,2.0,1.0,6.0,12.752853011338399,2.328654819305372,3.153693017966666,3.0481865531162624,0.44000000000000006,0.03505992889404297,"tensor(0., dtype=torch.float64)"
7,547.0,2.0,1.0,7.0,10.37808940713778,1.7823615657184504,3.203172555336039,3.0338330932090516,0.4,0.034370040893554686,"tensor(0., dtype=torch.float64)"
8,548.0,2.0,1.0,8.0,9.153939758887338,1.4978252289296852,3.342246438411357,3.147813027079534,0.4,0.034862852096557616,"tensor(0., dtype=torch.float64)"
9,549.0,2.0,1.0,9.0,9.013007226689755,1.465170193684391,3.357688801692924,3.1610077030649024,0.4,0.03385505676269531,"tensor(0., dtype=torch.float64)"
10,550.0,2.0,1.0,10.0,9.764927533083938,1.6407290757006963,3.248295819594515,3.067506976021703,0.4,0.03386044502258301,"tensor(0., dtype=torch.float64)"
11,551.0,2.0,1.0,11.0,11.062319821400731,1.9409450056105435,3.1542206465682185,3.008570347939927,0.36,0.035480690002441403,"tensor(0., dtype=torch.float64)"
12,552.0,2.0,1.0,12.0,12.319907832507294,2.2299376337858,3.139753278630007,3.0295122633524527,0.36,0.03716888427734375,"tensor(0., dtype=torch.float64)"
13,553.0,2.0,1.0,13.0,12.976905145485537,2.3803700890717834,3.153415437211133,3.0604992531270123,0.4,0.034746980667114256,"tensor(0., dtype=torch.float64)"
14,554.0,2.0,1.0,14.0,12.755950831909628,2.329883980461358,3.142623775222119,3.0422396297980847,0.36,0.03423848152160645,"tensor(0., dtype=torch.float64)"
15,555.0,2.0,1.0,15.0,12.035615947199002,2.164729294944461,3.1331545834492944,3.014399722066837,0.36,0.03496088981628418,"tensor(0., dtype=torch.float64)"
16,556.0,2.0,1.0,16.0,11.235056170120297,1.9804608709608407,3.149028093616132,3.007041279144466,0.36,0.034406423568725586,"tensor(0., dtype=torch.float64)"
17,557.0,2.0,1.0,17.0,10.684818473884581,1.8534675662385514,3.174518106801463,3.0158777700067825,0.4,0.03425021171569824,"tensor(0., dtype=torch.float64)"
18,558.0,2.0,1.0,18.0,10.500880275590536,1.8110814896791414,3.1826136056009497,3.018181245509324,0.4,0.0344696044921875,"tensor(0., dtype=torch.float64)"
19,559.0,2.0,1.0,19.0,10.67767922319267,1.8521024901241323,3.169270093731268,3.0102030611626773,0.36,0.03431887626647949,"tensor(0., dtype=torch.float64)"
20,560.0,2.0,1.0,20.0,11.066663481831917,1.94189126610291,3.1514169972937487,3.0038140240766458,0.36,0.03449206352233887,"tensor(0., dtype=torch.float64)"
21,561.0,2.0,1.0,21.0,11.48406386539248,2.0379963547991875,3.1383366797621353,3.0040041628272567,0.36,0.03466577529907226,"tensor(0., dtype=torch.float64)"
22,562.0,2.0,1.0,22.0,11.766769489898797,2.1029077081843264,3.131775428421141,3.0052549547399137,0.4,0.03417501449584961,"tensor(0., dtype=torch.float64)"
23,563.0,2.0,1.0,23.0,11.808613486057649,2.112370051239073,3.1304984106543765,3.0046175385506646,0.36,0.03393068313598633,"tensor(0., dtype=torch.float64)"
24,564.0,2.0,1.0,24.0,11.637711966250786,2.0729060681879448,3.1344551517118653,3.003195931224022,0.36,0.034163618087768556,"tensor(0., dtype=torch.float64)"
25,565.0,2.0,1.0,25.0,11.395971095099702,2.017328808812242,3.139801115342909,3.0017153120498294,0.36,0.034064531326293945,"tensor(0., dtype=torch.float64)"
26,566.0,2.0,1.0,26.0,11.186311723748506,1.9693178668506501,3.1446217240563823,3.0012399685178393,0.36,0.0339777946472168,"tensor(0., dtype=torch.float64)"
27,567.0,2.0,1.0,27.0,11.09538335884788,1.948628941415116,3.1467324005852886,3.001107357935358,0.4,0.03420500755310059,"tensor(0., dtype=torch.float64)"
28,568.0,2.0,1.0,28.0,11.146695791926382,1.9605675640568674,3.145220776144569,3.0009379813222097,0.36,0.036496448516845706,"tensor(0., dtype=torch.float64)"
29,569.0,2.0,1.0,29.0,11.22421889855986,1.9783283936931766,3.1432531083479547,3.0007620558419617,0.36,0.035063648223876955,"tensor(0., dtype=torch.float64)"
30,570.0,2.0,2.0,0.0,5.623413251903491,0.6500264096235007,4.719386684471236,4.390718683875662,0.32,0.08525900840759278,"tensor(0., dtype=torch.float64)"
31,571.0,2.0,2.0,1.0,7.421460240739729,1.0911555629831677,3.7473427956953094,3.5191686623534695,0.4,0.08249917030334472,"tensor(0., dtype=torch.float64)"
32,572.0,2.0,2.0,2.0,10.761595813523272,1.8730848805922573,3.1698762805030567,3.0256802046858153,0.36,0.08416557312011719,"tensor(0., dtype=torch.float64)"
33,573.0,2.0,2.0,3.0,14.711606609246356,2.776474609666306,3.2877789965266446,3.233973221458723,0.31999999999999995,0.08228468894958496,"tensor(0., dtype=torch.float64)"
34,574.0,2.0,2.0,4.0,16.7712582988037,3.2435437249961927,3.5316282614156806,3.5081590155596474,0.36,0.08311276435852051,"tensor(0., dtype=torch.float64)"
35,575.0,2.0,2.0,5.0,15.573055754735893,2.9713818002743886,3.370206513252261,3.323980266158268,0.36,0.08385319709777832,"tensor(0., dtype=torch.float64)"
36,576.0,2.0,2.0,6.0,12.752749354578693,2.3286310697646977,3.153689876484282,3.0481755100496586,0.44000000000000006,0.08168630599975586,"tensor(0., dtype=torch.float64)"
37,577.0,2.0,2.0,7.0,10.386825727386825,1.7843829170241967,3.2020097932140708,3.0331965593012415,0.4,0.08229970932006836,"tensor(0., dtype=torch.float64)"
38,578.0,2.0,2.0,8.0,9.16145065507779,1.4995802139738637,3.340658647506647,3.1466570348059113,0.4,0.0825589656829834,"tensor(0., dtype=torch.float64)"
39,579.0,2.0,2.0,9.0,9.0197903605986,1.466755446469716,3.3562484283336276,3.159963954507693,0.4,0.08191857337951661,"tensor(0., dtype=torch.float64)"
40,580.0,2.0,2.0,10.0,9.7712299844804,1.6421904991528304,3.2473613097944933,3.066944302238272,0.4,0.08404479026794434,"tensor(0., dtype=torch.float64)"
41,581.0,2.0,2.0,11.0,11.068021206783104,1.9422553439009984,3.1538748204051537,3.0085669624590934,0.36,0.08434915542602539,"tensor(0., dtype=torch.float64)"
42,582.0,2.0,2.0,12.0,12.324426594446853,2.2309704501405445,3.1397315575654896,3.0297479915961327,0.36,0.08135738372802734,"tensor(0., dtype=torch.float64)"
43,583.0,2.0,2.0,13.0,12.96818721877664,2.3783811079463235,3.15323790454699,3.05978068527899,0.4,0.08356699943542481,"tensor(0., dtype=torch.float64)"
44,584.0,2.0,2.0,14.0,12.747901857354183,2.3280446439165448,3.142649557306806,3.0418069869405207,0.36,0.08305754661560058,"tensor(0., dtype=torch.float64)"
45,585.0,2.0,2.0,15.0,12.029146822146416,2.163245483866969,3.133421137925301,3.0143235441066936,0.36,0.08539738655090331,"tensor(0., dtype=torch.float64)"
46,586.0,2.0,2.0,16.0,11.230241824645201,1.9793522752921682,3.149429353957883,3.007120631081508,0.36,0.0834658145904541,"tensor(0., dtype=torch.float64)"
47,587.0,2.0,2.0,17.0,10.681491143335899,1.8526992583674655,3.174897772063193,3.0160226045669036,0.4,0.08226237297058106,"tensor(0., dtype=torch.float64)"
48,588.0,2.0,2.0,18.0,10.4988128739804,1.810604018270709,3.182855181413882,3.018286978178567,0.4,0.08165459632873535,"tensor(0., dtype=torch.float64)"
49,589.0,2.0,2.0,19.0,10.67671448012302,1.8518802178164364,3.1693577500079444,3.0102257621277033,0.36,0.08131256103515624,"tensor(0., dtype=torch.float64)"
50,590.0,2.0,2.0,20.0,11.066699054749437,1.9418995513458992,3.1514256443638855,3.0038253163395745,0.36,0.08222708702087403,"tensor(0., dtype=torch.float64)"
51,591.0,2.0,2.0,21.0,11.484963537930668,2.03820282482196,3.138287061707705,3.0040127085351416,0.36,0.08264055252075195,"tensor(0., dtype=torch.float64)"
52,592.0,2.0,2.0,22.0,11.76832285941187,2.1032636015294117,3.1317251449321857,3.0052930922941368,0.4,0.08228034973144531,"tensor(0., dtype=torch.float64)"
53,593.0,2.0,2.0,23.0,11.810528179772046,2.1128086822721936,3.1304452235301143,3.0046714554145972,0.36,0.08260540962219239,"tensor(0., dtype=torch.float64)"
54,594.0,2.0,2.0,24.0,11.63970565062618,2.0733632748549655,3.1343651393733674,3.0032123740285037,0.36,0.08153181076049805,"tensor(0., dtype=torch.float64)"
55,595.0,2.0,2.0,25.0,11.397862739415093,2.0177631943936705,3.139697871388234,3.001725601744611,0.36,0.08137164115905762,"tensor(0., dtype=torch.float64)"
56,596.0,2.0,2.0,26.0,11.187973040027433,1.969699857154319,3.144512206739095,3.0012231111288257,0.36,0.08229141235351563,"tensor(0., dtype=torch.float64)"
57,597.0,2.0,2.0,27.0,11.096754267457069,1.948944299095371,3.1466281380566783,3.001092088544076,0.4,0.08127970695495605,"tensor(0., dtype=torch.float64)"
58,598.0,2.0,2.0,28.0,11.147747518598326,1.9608094349979228,3.145139263678704,3.0009243367091543,0.36,0.08236398696899414,"tensor(0., dtype=torch.float64)"
59,599.0,2.0,2.0,29.0,11.22493735297525,1.978493470351852,3.1432058835658068,3.000754512304522,0.36,0.08140754699707031,"tensor(0., dtype=torch.float64)"
60,600.0,2.0,3.0,0.0,5.623413251903491,0.6500264101214753,4.7193844837475165,4.390713802401903,0.32,0.10086197853088379,"tensor(0., dtype=torch.float64)"
61,601.0,2.0,3.0,1.0,7.421412580788866,1.0911441134194337,3.7473599056354154,3.519183756395144,0.4,0.09900856018066406,"tensor(0., dtype=torch.float64)"
62,602.0,2.0,3.0,2.0,10.76162521243504,1.8730917332039259,3.1698805445655807,3.0256872168338305,0.36,0.10342178344726563,"tensor(0., dtype=torch.float64)"
63,603.0,2.0,3.0,3.0,14.711936449427677,2.7765496685616506,3.287794763545236,3.2340055209296232,0.31999999999999995,0.10242524147033691,"tensor(0., dtype=torch.float64)"
64,604.0,2.0,3.0,4.0,16.77193092534279,3.2436959412465347,3.531709218927928,3.5082588972616344,0.36,0.10298380851745606,"tensor(0., dtype=torch.float64)"
65,605.0,2.0,3.0,5.0,15.573799847038472,2.9715504082033397,3.3702966884885535,3.3240874677322276,0.36,0.10261549949645996,"tensor(0., dtype=torch.float64)"
66,606.0,2.0,3.0,6.0,12.753392706444586,2.3287775885815,3.1537245648009944,3.0482287660417824,0.44000000000000006,0.1036064624786377,"tensor(0., dtype=torch.float64)"
67,607.0,2.0,3.0,7.0,10.378510613974262,1.782458168626531,3.2031689708691777,3.0338453998749424,0.4,0.10256266593933105,"tensor(0., dtype=torch.float64)"
68,608.0,2.0,3.0,8.0,9.15433239276103,1.4979163232963035,3.342196429039634,3.147774036186415,0.4,0.10107755661010742,"tensor(0., dtype=torch.float64)"
69,609.0,2.0,3.0,9.0,9.013490993780122,1.4652830519967128,3.357603857570324,3.1609335071077087,0.4,0.0996443748474121,"tensor(0., dtype=torch.float64)"
70,610.0,2.0,3.0,10.0,9.765432264821632,1.64084664001508,3.248239723340814,3.067468793671641,0.4,0.09803977012634277,"tensor(0., dtype=torch.float64)"
71,611.0,2.0,3.0,11.0,11.063000543576795,1.941102349184315,3.1542030991530794,3.008587878816345,0.36,0.10088958740234374,"tensor(0., dtype=torch.float64)"
72,612.0,2.0,3.0,12.0,12.320735736056525,2.230128096367083,3.139783011779104,3.029577800207316,0.36,0.10173897743225098,"tensor(0., dtype=torch.float64)"
73,613.0,2.0,3.0,13.0,12.977783909043556,2.3805720450459744,3.1534603555743574,3.060596006023978,0.4,0.10126962661743164,"tensor(0., dtype=torch.float64)"
74,614.0,2.0,3.0,14.0,12.756746022210189,2.3300674642986627,3.1426264944373266,3.0422898999243877,0.36,0.10158600807189941,"tensor(0., dtype=torch.float64)"
75,615.0,2.0,3.0,15.0,12.036196648979995,2.1648642574991612,3.1331277859421127,3.014410847034919,0.36,0.10006661415100097,"tensor(0., dtype=torch.float64)"
76,616.0,2.0,3.0,16.0,11.235546595919203,1.98057520700084,3.148978009686915,3.007018003503943,0.36,0.09937052726745606,"tensor(0., dtype=torch.float64)"
77,617.0,2.0,3.0,17.0,10.685101004299813,1.8535335585258665,3.174489404207334,3.015854349790093,0.4,0.10262517929077149,"tensor(0., dtype=torch.float64)"
78,618.0,2.0,3.0,18.0,10.500955533433062,1.8110988469625358,3.1826247760742854,3.0181847128699673,0.4,0.10269131660461425,"tensor(0., dtype=torch.float64)"
79,619.0,2.0,3.0,19.0,10.677741125056178,1.8521163504255238,3.169284556687109,3.0102058478534026,0.36,0.0998915672302246,"tensor(0., dtype=torch.float64)"
80,620.0,2.0,3.0,20.0,11.066682732184242,1.9418952073382194,3.1514293287286783,3.0038138520407878,0.36,0.10141353607177735,"tensor(0., dtype=torch.float64)"
81,621.0,2.0,3.0,21.0,11.484040549545739,2.0379907901463894,3.1383298749218427,3.0039911286885825,0.36,0.09952340126037598,"tensor(0., dtype=torch.float64)"
82,622.0,2.0,3.0,22.0,11.766855307280032,2.1029271025100527,3.1317597076588677,3.0052395619117673,0.4,0.1004335880279541,"tensor(0., dtype=torch.float64)"
83,623.0,2.0,3.0,23.0,11.80889180281548,2.1124329348575985,3.1304944894633127,3.004620112816147,0.36,0.10177950859069824,"tensor(0., dtype=torch.float64)"
84,624.0,2.0,3.0,24.0,11.638110315252211,2.0729960373298306,3.1344666937140864,3.0032133426448833,0.36,0.10091538429260254,"tensor(0., dtype=torch.float64)"
85,625.0,2.0,3.0,25.0,11.396434976021128,2.0174331537425205,3.139832841166489,3.00174659672772,0.36,0.10278363227844238,"tensor(0., dtype=torch.float64)"
86,626.0,2.0,3.0,26.0,11.186714063122082,1.9694080769435718,3.1446372276582912,3.001257521602871,0.36,0.10123252868652344,"tensor(0., dtype=torch.float64)"
87,627.0,2.0,3.0,27.0,11.095619321122923,1.9486811756174838,3.146740191745605,3.001117304498556,0.4,0.10039076805114747,"tensor(0., dtype=torch.float64)"
88,628.0,2.0,3.0,28.0,11.146971237085781,1.9606292615351268,3.145199760422083,3.0009338066373483,0.36,0.09912652969360351,"tensor(0., dtype=torch.float64)"
89,629.0,2.0,3.0,29.0,11.224584221877354,1.9784108667859404,3.1432300131928637,3.0007573336968543,0.36,0.10070757865905762,"tensor(0., dtype=torch.float64)"
90,630.0,2.0,4.0,0.0,5.623413251903491,0.6500264101873385,4.719383379925892,4.39071426504587,0.32,0.11290979385375977,"tensor(0., dtype=torch.float64)"
91,631.0,2.0,4.0,1.0,7.421431712243958,1.091148001844237,3.7473541413673273,3.519167368912579,0.4,0.11574554443359375,"tensor(0., dtype=torch.float64)"
92,632.0,2.0,4.0,2.0,10.751876508638833,1.8708236909402642,3.1701022374070895,3.025432467358637,0.36,0.11509504318237304,"tensor(0., dtype=torch.float64)"
93,633.0,2.0,4.0,3.0,14.677840361949283,2.768765872901894,3.2837354876451963,3.2299437711949706,0.31999999999999995,0.11458139419555664,"tensor(0., dtype=torch.float64)"
94,634.0,2.0,4.0,4.0,16.709362766776156,3.2294846726324393,3.5221205871918464,3.498226399053255,0.36,0.113714599609375,"tensor(0., dtype=torch.float64)"
95,635.0,2.0,4.0,5.0,15.534570955172637,2.9626616739632867,3.365267644711159,3.318660576509995,0.36,0.11488556861877441,"tensor(0., dtype=torch.float64)"
96,636.0,2.0,4.0,6.0,12.719250705514654,2.3210637492319344,3.1518929630468637,3.045964259337634,0.44000000000000006,0.11315979957580566,"tensor(0., dtype=torch.float64)"
97,637.0,2.0,4.0,7.0,10.364194186720159,1.7792703504008078,3.2032900799826214,3.0337031905124663,0.36,0.11596412658691406,"tensor(0., dtype=torch.float64)"
98,638.0,2.0,4.0,8.0,9.128377834762016,1.491888938553937,3.3455972948940746,3.1504173480271698,0.4,0.11403746604919433,"tensor(0., dtype=torch.float64)"
99,639.0,2.0,4.0,9.0,8.975397942402747,1.456305694132689,3.3646660477505543,3.1670229835849524,0.4,0.1140967845916748,"tensor(0., dtype=torch.float64)"
100,640.0,2.0,4.0,10.0,9.721129887185587,1.630409345766509,3.2543205260318215,3.0721660822334504,0.4,0.1132657527923584,"tensor(0., dtype=torch.float64)"
101,641.0,2.0,4.0,11.0,11.002821434746306,1.927087984879342,3.156866951033558,3.0092626449499127,0.36,0.11480355262756348,"tensor(0., dtype=torch.float64)"
102,642.0,2.0,4.0,12.0,12.24687748261098,2.2131077708724893,3.137483753001968,3.0248819431124856,0.4,0.1138688564300537,"tensor(0., dtype=torch.float64)"
103,643.0,2.0,4.0,13.0,12.898258988954328,2.362320563321121,3.1494896788913382,3.053708735721397,0.36,0.11194400787353516,"tensor(0., dtype=torch.float64)"
104,644.0,2.0,4.0,14.0,12.702298788637174,2.317634132990879,3.1411892016088183,3.039431020457048,0.36,0.11323332786560059,"tensor(0., dtype=torch.float64)"
105,645.0,2.0,4.0,15.0,12.022788472533813,2.1619140555314,3.1328473190058728,3.014979993121942,0.36,0.11315670013427734,"tensor(0., dtype=torch.float64)"
106,646.0,2.0,4.0,16.0,11.253249075121214,1.9848375817003863,3.1465054944963278,3.006261903817472,0.36,0.11220588684082031,"tensor(0., dtype=torch.float64)"
107,647.0,2.0,4.0,17.0,10.724140318900073,1.8627527291527202,3.1695719209793762,3.012807469111717,0.4,0.1138237476348877,"tensor(0., dtype=torch.float64)"
108,648.0,2.0,4.0,18.0,10.539800254634608,1.8201907782491276,3.1781278115505587,3.0157527366198114,0.4,0.11461224555969238,"tensor(0., dtype=torch.float64)"
109,649.0,2.0,4.0,19.0,10.709354630210408,1.859399380112895,3.167168770551455,3.0094038447007576,0.36,0.11687541007995605,"tensor(0., dtype=torch.float64)"
110,650.0,2.0,4.0,20.0,11.080233786004438,1.9448959972733981,3.1513500744869476,3.0033617795278347,0.36,0.11230931282043458,"tensor(0., dtype=torch.float64)"
111,651.0,2.0,4.0,21.0,11.479657065183691,2.0367993943945164,3.1397196763439723,3.0034126765507403,0.36,0.1128838062286377,"tensor(0., dtype=torch.float64)"
112,652.0,2.0,4.0,22.0,11.737502609557055,2.0960366964977166,3.1339613230840486,3.0050638330477377,0.4,0.11677017211914062,"tensor(0., dtype=torch.float64)"
113,653.0,2.0,4.0,23.0,11.759145210559227,2.1009958878683603,3.132398793671793,3.003662852946425,0.36,0.11445436477661133,"tensor(0., dtype=torch.float64)"
114,654.0,2.0,4.0,24.0,11.62590866840177,2.0703519508469324,3.1340548810954942,3.002039939237133,0.36,0.11414146423339844,"tensor(0., dtype=torch.float64)"
115,655.0,2.0,4.0,25.0,11.414270055656527,2.02177180836479,3.1377972932540974,3.0005782031411976,0.36,0.11323866844177247,"tensor(0., dtype=torch.float64)"
116,656.0,2.0,4.0,26.0,11.209194434256387,1.9747916367935088,3.1429875727220784,3.0003581953393934,0.36,0.11482100486755371,"tensor(0., dtype=torch.float64)"
117,657.0,2.0,4.0,27.0,11.124034562272318,1.9553437383626981,3.1458906843139234,3.0011528147429614,0.4,0.11440601348876953,"tensor(0., dtype=torch.float64)"
118,658.0,2.0,4.0,28.0,11.131969741855869,1.9571434797023506,3.1463247828892897,3.0016798978851837,0.36,0.11437034606933594,"tensor(0., dtype=torch.float64)"
119,659.0,2.0,4.0,29.0,11.183368152994388,1.9688725711207673,3.1443587734247824,3.000733173710575,0.36,0.11276445388793946,"tensor(0., dtype=torch.float64)"
120,660.0,2.0,5.0,0.0,5.623413251903491,0.6500264101270591,4.719379111068349,4.390709630968919,0.32,0.12591652870178222,"tensor(0., dtype=torch.float64)"
121,661.0,2.0,5.0,1.0,7.37662630636197,1.0804122137987904,3.7636994762500295,3.533024929769044,0.4,0.129278564453125,"tensor(0., dtype=torch.float64)"
122,662.0,2.0,5.0,2.0,10.578104054566388,1.8306595494538533,3.1833629926474587,3.0307196292866427,0.36,0.1268630027770996,"tensor(0., dtype=torch.float64)"
123,663.0,2.0,5.0,3.0,14.329228442035589,2.689486619777786,3.256808077521002,3.1891420219313513,0.31999999999999995,0.12665209770202637,"tensor(0., dtype=torch.float64)"
124,664.0,2.0,5.0,4.0,16.39548432980171,3.158361822127491,3.4809681428146204,3.450431591089911,0.36,0.12802658081054688,"tensor(0., dtype=torch.float64)"
125,665.0,2.0,5.0,5.0,15.372343684371952,2.925795639181588,3.3508284086181654,3.2959798225576336,0.36,0.12432923316955566,"tensor(0., dtype=torch.float64)"
126,666.0,2.0,5.0,6.0,12.683434183246069,2.3128292234080696,3.1528553402946757,3.043217457537544,0.4,0.12704453468322754,"tensor(0., dtype=torch.float64)"
127,667.0,2.0,5.0,7.0,10.336982492422035,1.773075335324546,3.205229469593214,3.0345698141526216,0.4,0.12551217079162597,"tensor(0., dtype=torch.float64)"
128,668.0,2.0,5.0,8.0,9.054743237213277,1.4748540051437053,3.3582228380237105,3.1615138744376075,0.4,0.12771253585815429,"tensor(0., dtype=torch.float64)"
129,669.0,2.0,5.0,9.0,8.776404534020788,1.409829592201596,3.4036437499914975,3.200184130897558,0.4,0.12743020057678223,"tensor(0., dtype=torch.float64)"
130,670.0,2.0,5.0,10.0,9.346585717531099,1.543382247546781,3.305471691852128,3.115340547170253,0.36,0.1248807430267334,"tensor(0., dtype=torch.float64)"
131,671.0,2.0,5.0,11.0,10.465304846265935,1.8032204225846065,3.1897400399516695,3.0236707766579487,0.4,0.1276482582092285,"tensor(0., dtype=torch.float64)"
132,672.0,2.0,5.0,12.0,11.742634489849404,2.0976420660781008,3.1372634855316286,3.008132152093263,0.36,0.12767763137817384,"tensor(0., dtype=torch.float64)"
133,673.0,2.0,5.0,13.0,12.541135821154864,2.280871899784502,3.1392181668514567,3.0344306463796302,0.36,0.12711138725280763,"tensor(0., dtype=torch.float64)"
134,674.0,2.0,5.0,14.0,12.599521852841645,2.2942921249747052,3.137945770269021,3.0354384936170136,0.36,0.12601180076599122,"tensor(0., dtype=torch.float64)"
135,675.0,2.0,5.0,15.0,12.091601442007999,2.177894195864479,3.1297027942430202,3.015096271135332,0.36,0.12828583717346193,"tensor(0., dtype=torch.float64)"
136,676.0,2.0,5.0,16.0,11.346450037909653,2.0064965051626835,3.1403292466810706,3.001781122536798,0.36,0.1273502826690674,"tensor(0., dtype=torch.float64)"
137,677.0,2.0,5.0,17.0,10.721183658662095,1.862078437475125,3.1709892875273367,3.0113565758356393,0.44000000000000006,0.12909669876098634,"tensor(0., dtype=torch.float64)"
138,678.0,2.0,5.0,18.0,10.431265592726772,1.794888353128981,3.191799659189409,3.0223573981820566,0.4,0.1282320499420166,"tensor(0., dtype=torch.float64)"
139,679.0,2.0,5.0,19.0,10.50620699793738,1.8121576884547692,3.1867590246036994,3.018200850558185,0.4,0.12622318267822266,"tensor(0., dtype=torch.float64)"
140,680.0,2.0,5.0,20.0,10.842552720479071,1.8899648215255715,3.16438882064661,3.0063436969112365,0.36,0.12647542953491211,"tensor(0., dtype=torch.float64)"
141,681.0,2.0,5.0,21.0,11.22988724893635,1.9794167312270272,3.1468834889632995,3.001285653813251,0.36,0.12563552856445312,"tensor(0., dtype=torch.float64)"
142,682.0,2.0,5.0,22.0,11.480926723567203,2.037331116342944,3.137283559167142,3.0014690242376676,0.36,0.12764310836791992,"tensor(0., dtype=torch.float64)"
143,683.0,2.0,5.0,23.0,11.542759827735619,2.0516210254263045,3.1343517625985884,3.000951975059894,0.36,0.12924551963806152,"tensor(0., dtype=torch.float64)"
144,684.0,2.0,5.0,24.0,11.394200593123132,2.0175113149998163,3.1375366447126813,3.000699450140046,0.36,0.13010611534118652,"tensor(0., dtype=torch.float64)"
145,685.0,2.0,5.0,25.0,11.210101068172435,1.9751615291327078,3.144547350143966,3.0020111277223287,0.36,0.12524428367614746,"tensor(0., dtype=torch.float64)"
146,686.0,2.0,5.0,26.0,11.06008018405548,1.9406182660575109,3.1521661535560126,3.0036045461105676,0.4,0.1264812469482422,"tensor(0., dtype=torch.float64)"
147,687.0,2.0,5.0,27.0,11.000759387569744,1.9269233267297348,3.155843771323736,3.003882329785262,0.36,0.12958331108093263,"tensor(0., dtype=torch.float64)"
148,688.0,2.0,5.0,28.0,11.015819149798222,1.9303908381038823,3.1553603039671665,3.0029497337513087,0.36,0.12451624870300293,"tensor(0., dtype=torch.float64)"
149,689.0,2.0,5.0,29.0,11.088754145085321,1.9471296765817663,3.1514028790450737,3.0017641040277083,0.36,0.12719197273254396,"tensor(0., dtype=torch.float64)"
150,690.0,2.0,20.0,0.0,5.623413251903491,0.6500264108493985,4.719378425982431,4.390710968496997,0.32,0.3545994281768799,"tensor(0., dtype=torch.float64)"
151,691.0,2.0,20.0,1.0,5.2706196699761625,0.5617458341936439,5.008168706139026,4.687886876043784,0.32,0.36172962188720703,"tensor(0., dtype=torch.float64)"
152,692.0,2.0,20.0,2.0,4.7797080933186695,0.43410292419839747,5.583971141440282,5.285643751381015,0.27999999999999997,0.3538243293762207,"tensor(0., dtype=torch.float64)"
153,693.0,2.0,20.0,3.0,4.402929465436008,0.33065949807254874,6.226927423925578,5.929955096448432,0.27999999999999997,0.36011385917663574,"tensor(0., dtype=torch.float64)"
154,694.0,2.0,20.0,4.0,4.228175937700455,0.2815346148886586,6.550450289778134,6.212051058427524,0.27999999999999997,0.3605165481567383,"tensor(0., dtype=torch.float64)"
155,695.0,2.0,20.0,5.0,4.303027147920659,0.30332762916390943,6.349652809729589,5.990097732465822,0.27999999999999997,0.36769814491271974,"tensor(0., dtype=torch.float64)"
156,696.0,2.0,20.0,6.0,4.547288958136124,0.37220134793086357,5.854335700334991,5.508726808392565,0.27999999999999997,0.36098995208740237,"tensor(0., dtype=torch.float64)"
157,697.0,2.0,20.0,7.0,4.8007484740285316,0.44086625751564396,5.485473567613242,5.165377369704025,0.27999999999999997,0.3574260711669922,"tensor(0., dtype=torch.float64)"
158,698.0,2.0,20.0,8.0,4.892120990796533,0.46484791104847273,5.3788741360729535,5.075505176860287,0.27999999999999997,0.38254098892211913,"tensor(0., dtype=torch.float64)"
159,699.0,2.0,20.0,9.0,4.867427254232206,0.45803508381838165,5.422185079522842,5.130145033959332,0.27999999999999997,0.3612344741821289,"tensor(0., dtype=torch.float64)"
160,700.0,2.0,20.0,10.0,4.719961429664158,0.4188588282935072,5.609046461177205,5.307685370886316,0.27999999999999997,0.3584472179412842,"tensor(0., dtype=torch.float64)"
161,701.0,2.0,20.0,11.0,4.566688379321681,0.3779665798444773,5.806364592453837,5.480336465451574,0.27999999999999997,0.3587201595306396,"tensor(0., dtype=torch.float64)"
162,702.0,2.0,20.0,12.0,4.459778820143701,0.34814542589035147,5.987111812000474,5.635758962395122,0.27999999999999997,0.3604624271392822,"tensor(0., dtype=torch.float64)"
163,703.0,2.0,20.0,13.0,4.430223449094995,0.3389129324212551,6.088684460081075,5.730037409902822,0.27999999999999997,0.35915026664733884,"tensor(0., dtype=torch.float64)"
164,704.0,2.0,20.0,14.0,4.503466437312194,0.3580088870653727,6.019638458370009,5.665328687153101,0.27999999999999997,0.3603600025177002,"tensor(0., dtype=torch.float64)"
165,705.0,2.0,20.0,15.0,4.606693637613927,0.3871190404475463,5.835478238631873,5.506701200305955,0.27999999999999997,0.3553444862365723,"tensor(0., dtype=torch.float64)"
166,706.0,2.0,20.0,16.0,4.732048177942951,0.4219998916229045,5.627259537355464,5.326136331969219,0.27999999999999997,0.3561990737915039,"tensor(0., dtype=torch.float64)"
167,707.0,2.0,20.0,17.0,4.8092941553235535,0.4431698645796212,5.505391564674971,5.225913229408085,0.27999999999999997,0.35938382148742676,"tensor(0., dtype=torch.float64)"
168,708.0,2.0,20.0,18.0,4.87020799448533,0.459739575632969,5.414243906153947,5.134515558190731,0.27999999999999997,0.35965418815612793,"tensor(0., dtype=torch.float64)"
169,709.0,2.0,20.0,19.0,4.7834958692610074,0.43692526873897075,5.519647443056569,5.241294089056063,0.27999999999999997,0.3628703594207764,"tensor(0., dtype=torch.float64)"
170,710.0,2.0,20.0,20.0,4.657129738812839,0.4030662019594901,5.691902506250658,5.40011536098948,0.27999999999999997,0.36000776290893555,"tensor(0., dtype=torch.float64)"
171,711.0,2.0,20.0,21.0,4.522011091643861,0.36553459928476706,5.926303936563359,5.609788181798008,0.27999999999999997,0.35983052253723147,"tensor(0., dtype=torch.float64)"
172,712.0,2.0,20.0,22.0,4.495344104732275,0.3559922219814039,6.057513593846868,5.717425646621973,0.27999999999999997,0.3570534706115723,"tensor(0., dtype=torch.float64)"
173,713.0,2.0,20.0,23.0,4.573519614748482,0.3779412962666274,5.898352001440189,5.565175865616181,0.27999999999999997,0.3552391529083252,"tensor(0., dtype=torch.float64)"
174,714.0,2.0,20.0,24.0,4.636139682484356,0.39605100821501193,5.752329914591873,5.434577363432045,0.27999999999999997,0.3562356472015381,"tensor(0., dtype=torch.float64)"
175,715.0,2.0,20.0,25.0,4.773316666143589,0.43299694643534287,5.557808665092821,5.257094232476928,0.27999999999999997,0.35701637268066405,"tensor(0., dtype=torch.float64)"
176,716.0,2.0,20.0,26.0,4.834445076824421,0.44933388804299074,5.47911732573977,5.185415710083909,0.27999999999999997,0.3590357780456543,"tensor(0., dtype=torch.float64)"
177,717.0,2.0,20.0,27.0,4.75533558274043,0.4283627178650667,5.582241881157245,5.280111919985898,0.27999999999999997,0.3619845867156982,"tensor(0., dtype=torch.float64)"
178,718.0,2.0,20.0,28.0,4.573158341651242,0.37850908269856437,5.8565373469863875,5.528815669573077,0.27999999999999997,0.35811419486999513,"tensor(0., dtype=torch.float64)"
179,719.0,2.0,20.0,29.0,4.425128923656748,0.3375877560385795,6.095557981318004,5.747482079927444,0.27999999999999997,0.35561699867248536,"tensor(0., dtype=torch.float64)"
180,720.0,2.0,70.0,0.0,5.623413251903491,0.6500264110222687,4.719384185309332,4.390715907871574,0.32,2.1307132244110107,"tensor(0., dtype=torch.float64)"
181,721.0,2.0,70.0,1.0,5.725974927459487,0.6766796581437557,4.637010939844825,4.318118141041888,0.32,2.0740418434143066,"tensor(0., dtype=torch.float64)"
182,722.0,2.0,70.0,2.0,5.869306981844523,0.7131608968962041,4.548608322606287,4.244268599352752,0.32,2.1097383975982664,"tensor(0., dtype=torch.float64)"
183,723.0,2.0,70.0,3.0,5.990762628571379,0.7429321177255563,4.519276462043535,4.229451068875822,0.32,2.1215089321136475,"tensor(0., dtype=torch.float64)"
184,724.0,2.0,70.0,4.0,5.997574797739448,0.7441841508271276,4.547186196936855,4.263459127738741,0.32,2.1130629539489747,"tensor(0., dtype=torch.float64)"
185,725.0,2.0,70.0,5.0,5.954777606063729,0.7338302495603177,4.5575307896176955,4.2691415114968425,0.32,2.088187885284424,"tensor(0., dtype=torch.float64)"
186,726.0,2.0,70.0,6.0,5.866173592425392,0.7122510977685705,4.578591864015317,4.277336906543896,0.32,2.0981394767761232,"tensor(0., dtype=torch.float64)"
187,727.0,2.0,70.0,7.0,5.784836749752165,0.6921057869581676,4.6111058704722225,4.3001715617706315,0.32,2.1235682487487795,"tensor(0., dtype=torch.float64)"
188,728.0,2.0,70.0,8.0,5.739547560798935,0.6807498704371986,4.629346636057071,4.314746051800922,0.32,2.0463542461395265,"tensor(0., dtype=torch.float64)"
189,729.0,2.0,70.0,9.0,5.713996943767849,0.6743956265929337,4.643815079724329,4.331504570895589,0.32,2.087368440628052,"tensor(0., dtype=torch.float64)"
190,730.0,2.0,70.0,10.0,5.721506239452121,0.6760085178191121,4.6468320007811545,4.336223202901191,0.32,2.058584213256836,"tensor(0., dtype=torch.float64)"
191,731.0,2.0,70.0,11.0,5.770234918094397,0.6879896965417831,4.628715469224894,4.320164819415078,0.32,2.0790865421295166,"tensor(0., dtype=torch.float64)"
192,732.0,2.0,70.0,12.0,5.792825732843025,0.6931017037915175,4.640704157275436,4.332525850583371,0.32,2.1435513496398926,"tensor(0., dtype=torch.float64)"
193,733.0,2.0,70.0,13.0,5.8132260053599385,0.6977998489406593,4.647161618399791,4.340418228233057,0.32,2.1310235977172853,"tensor(0., dtype=torch.float64)"
194,734.0,2.0,70.0,14.0,5.835002206335072,0.7031077682841047,4.6346670048452125,4.323481444866297,0.32,2.0531617641448974,"tensor(0., dtype=torch.float64)"
195,735.0,2.0,70.0,15.0,5.847622366732152,0.7066887751615726,4.613763138342544,4.30423735666716,0.32,2.1519551277160645,"tensor(0., dtype=torch.float64)"
196,736.0,2.0,70.0,16.0,5.836278879922771,0.7046189584438137,4.596511178494415,4.2916071235337245,0.32,2.0986937522888183,"tensor(0., dtype=torch.float64)"
197,737.0,2.0,70.0,17.0,5.785520458027063,0.6920698737689807,4.618308646128975,4.30877868937801,0.32,2.144560527801514,"tensor(0., dtype=torch.float64)"
198,738.0,2.0,70.0,18.0,5.759040346344326,0.6854749277088719,4.630228346412325,4.319599653175246,0.32,2.0697069644927977,"tensor(0., dtype=torch.float64)"
199,739.0,2.0,70.0,19.0,5.760582222871074,0.6855910426569953,4.632517961066048,4.320320229749155,0.32,2.1175528049468992,"tensor(0., dtype=torch.float64)"
200,740.0,2.0,70.0,20.0,5.812628081899815,0.6986792342413066,4.598348992569103,4.288120208274996,0.32,2.091479778289795,"tensor(0., dtype=torch.float64)"
201,741.0,2.0,70.0,21.0,5.881957554074988,0.7161614736574019,4.55436697859331,4.24893886462153,0.32,2.080562210083008,"tensor(0., dtype=torch.float64)"
202,742.0,2.0,70.0,22.0,5.9221437287356045,0.7262601684296461,4.532834068266844,4.229831808650902,0.32,2.1564827442169188,"tensor(0., dtype=torch.float64)"
203,743.0,2.0,70.0,23.0,5.900620415224639,0.7208633819389035,4.543399890849296,4.234575591358377,0.32,2.1758509159088133,"tensor(0., dtype=torch.float64)"
204,744.0,2.0,70.0,24.0,5.85673993655446,0.7100128657606224,4.560727710951821,4.248966582962019,0.32,2.074228858947754,"tensor(0., dtype=torch.float64)"
205,745.0,2.0,70.0,25.0,5.811677360009167,0.698579178977617,4.589557816757859,4.277923467977614,0.32,2.0650772571563722,"tensor(0., dtype=torch.float64)"
206,746.0,2.0,70.0,26.0,5.776734941992012,0.6895849487881576,4.620396437102345,4.310667496968378,0.32,2.1152701377868652,"tensor(0., dtype=torch.float64)"
207,747.0,2.0,70.0,27.0,5.737403217833149,0.6795207133531875,4.6662955992782,4.361952990142298,0.32,2.03543643951416,"tensor(0., dtype=torch.float64)"
208,748.0,2.0,70.0,28.0,5.744499975083227,0.6810842302321684,4.677957789043641,4.382702290793946,0.32,2.1411279678344726,"tensor(0., dtype=torch.float64)"
209,749.0,2.0,70.0,29.0,5.746763687480315,0.6816199765888236,4.6805387924997595,4.385018517767481,0.32,2.1050893306732177,"tensor(0., dtype=torch.float64)"
210,750.0,2.0,120.0,0.0,5.623413251903491,0.6500264110369496,4.7193823599531495,4.39071278117064,0.32,4.81502103805542,"tensor(0., dtype=torch.float64)"
211,751.0,2.0,120.0,1.0,5.960965392216115,0.7351695735098686,4.47571843618793,4.161868028665928,0.32,5.113911199569702,"tensor(0., dtype=torch.float64)"
212,752.0,2.0,120.0,2.0,6.468953070155561,0.8607273938951081,4.189155925632861,3.9010546692823582,0.27999999999999997,5.001128530502319,"tensor(0., dtype=torch.float64)"
213,753.0,2.0,120.0,3.0,7.003833632884051,0.9903714722199727,3.9607812034929886,3.7021732060836747,0.4,4.998444223403931,"tensor(0., dtype=torch.float64)"
214,754.0,2.0,120.0,4.0,7.416743627824078,1.0888801364689962,3.8361810035922352,3.588194223737174,0.36,5.117739152908325,"tensor(0., dtype=torch.float64)"
215,755.0,2.0,120.0,5.0,7.64166369722623,1.1419093769568849,3.7868043025068068,3.540008947402275,0.4,5.036140251159668,"tensor(0., dtype=torch.float64)"
216,756.0,2.0,120.0,6.0,7.654459905900841,1.1443593437751987,3.7953886922454165,3.543381456875116,0.4,5.118849658966065,"tensor(0., dtype=torch.float64)"
217,757.0,2.0,120.0,7.0,7.520819466899472,1.1122581355631698,3.829674698498997,3.569848087804804,0.36,4.943985557556152,"tensor(0., dtype=torch.float64)"
218,758.0,2.0,120.0,8.0,7.27770176853403,1.0539841895781852,3.9000919051200293,3.6291504674385875,0.31999999999999995,4.975571823120117,"tensor(0., dtype=torch.float64)"
219,759.0,2.0,120.0,9.0,7.025860866528707,0.9932577931841882,3.9891354506180265,3.7037697412280592,0.32,5.12177300453186,"tensor(0., dtype=torch.float64)"
220,760.0,2.0,120.0,10.0,6.806016830949849,0.9400789637930804,4.076853191603119,3.779804726487342,0.32,4.963979291915893,"tensor(0., dtype=torch.float64)"
221,761.0,2.0,120.0,11.0,6.646265576482184,0.9015137740925591,4.145445708709576,3.84373611505602,0.32,4.9516582012176515,"tensor(0., dtype=torch.float64)"
222,762.0,2.0,120.0,12.0,6.595564215243025,0.8896952508119081,4.160046776343261,3.8611471482803266,0.32,4.8728233814239506,"tensor(0., dtype=torch.float64)"
223,763.0,2.0,120.0,13.0,6.622255209831552,0.8966741877937106,4.14169414628398,3.847769560017113,0.32,5.0044056415557865,"tensor(0., dtype=torch.float64)"
224,764.0,2.0,120.0,14.0,6.702085395454202,0.9163995923100977,4.1051961627241935,3.8190266017584604,0.32,5.014103698730469,"tensor(0., dtype=torch.float64)"
225,765.0,2.0,120.0,15.0,6.81502754948701,0.9439059124510323,4.057869169104366,3.779483158773553,0.36,4.987127876281738,"tensor(0., dtype=torch.float64)"
226,766.0,2.0,120.0,16.0,6.949747268246969,0.9765898751250575,3.99775471781046,3.7262650535681723,0.36,5.027084875106811,"tensor(0., dtype=torch.float64)"
227,767.0,2.0,120.0,17.0,7.037137134488387,0.9976036849022456,3.9613675845655623,3.692304706430201,0.36,4.835615587234497,"tensor(0., dtype=torch.float64)"
228,768.0,2.0,120.0,18.0,7.067049088998377,1.0044760238878345,3.9544636830872655,3.681957516094939,0.31999999999999995,5.053539800643921,"tensor(0., dtype=torch.float64)"
229,769.0,2.0,120.0,19.0,7.05374019290976,1.0010573597247516,3.9608956820484957,3.685063597654856,0.36,4.974015998840332,"tensor(0., dtype=torch.float64)"
230,770.0,2.0,120.0,20.0,7.015645438983144,0.9915819128689339,3.978206953026379,3.6971274357260286,0.32,5.081652307510376,"tensor(0., dtype=torch.float64)"
231,771.0,2.0,120.0,21.0,6.9488978904856,0.9751861590614446,4.010087862747552,3.723349710279642,0.32,4.925018787384033,"tensor(0., dtype=torch.float64)"
232,772.0,2.0,120.0,22.0,6.873981038504984,0.9569679094505388,4.042085067675141,3.751057160955984,0.32,5.110829162597656,"tensor(0., dtype=torch.float64)"
233,773.0,2.0,120.0,23.0,6.8370558419798595,0.9481124894927587,4.0563305688371525,3.7653072129055367,0.32,5.06475076675415,"tensor(0., dtype=torch.float64)"
234,774.0,2.0,120.0,24.0,6.813440715987989,0.9426097873745107,4.063448843017254,3.7743535744681482,0.32,5.026997184753418,"tensor(0., dtype=torch.float64)"
235,775.0,2.0,120.0,25.0,6.80929336136885,0.9418523714221602,4.062205254604043,3.776523063129222,0.32,5.134088182449341,"tensor(0., dtype=torch.float64)"
236,776.0,2.0,120.0,26.0,6.842172753542302,0.9499939363924753,4.04704990441021,3.765770335350269,0.32,4.958160734176635,"tensor(0., dtype=torch.float64)"
237,777.0,2.0,120.0,27.0,6.883308852410275,0.9599538381381816,4.032327136659647,3.7532693316326755,0.36,5.193313121795654,"tensor(0., dtype=torch.float64)"
238,778.0,2.0,120.0,28.0,6.919408465090766,0.9685348674017679,4.020634730892309,3.741474783475078,0.36,5.037407255172729,"tensor(0., dtype=torch.float64)"
239,779.0,2.0,120.0,29.0,6.945164624975275,0.9747150698280466,4.011639284036744,3.732895208925725,0.36,4.910829210281372,"tensor(0., dtype=torch.float64)"
240,780.0,2.0,240.0,0.0,5.623413251903491,0.6500264110071453,4.71937886231699,4.390709421753934,0.32,7.725221967697143,"tensor(0., dtype=torch.float64)"
241,781.0,2.0,240.0,1.0,5.622333903983507,0.6503475165669512,4.713219015079242,4.386872526725332,0.32,7.97144341468811,"tensor(0., dtype=torch.float64)"
242,782.0,2.0,240.0,2.0,5.627898554805206,0.6524022047854361,4.7070961042975314,4.384192445615044,0.32,7.885819959640503,"tensor(0., dtype=torch.float64)"
243,783.0,2.0,240.0,3.0,5.637987579545345,0.6553452631953698,4.705488648722791,4.386935154706396,0.32,7.914775562286377,"tensor(0., dtype=torch.float64)"
244,784.0,2.0,240.0,4.0,5.647181618890808,0.6578446448538691,4.705323855273923,4.390159849615868,0.32,7.911532783508301,"tensor(0., dtype=torch.float64)"
245,785.0,2.0,240.0,5.0,5.654694208165471,0.659801591421894,4.698691618295501,4.384621385998938,0.32,7.841584777832031,"tensor(0., dtype=torch.float64)"
246,786.0,2.0,240.0,6.0,5.64667891874721,0.6577090055996699,4.699732903706078,4.383087271919685,0.32,7.895949172973633,"tensor(0., dtype=torch.float64)"
247,787.0,2.0,240.0,7.0,5.645046677580051,0.6571573760680425,4.694808150568874,4.376800515090942,0.32,7.784630393981933,"tensor(0., dtype=torch.float64)"
248,788.0,2.0,240.0,8.0,5.631556484708497,0.6535638172735627,4.702623089466581,4.3825273838458205,0.32,7.940321636199951,"tensor(0., dtype=torch.float64)"
249,789.0,2.0,240.0,9.0,5.6219146462354415,0.6509609064753462,4.708973336863748,4.387405890719728,0.32,7.970217943191528,"tensor(0., dtype=torch.float64)"
250,790.0,2.0,240.0,10.0,5.617582592421014,0.6497877451494813,4.712543367765905,4.3903190616313195,0.32,8.00039210319519,"tensor(0., dtype=torch.float64)"
251,791.0,2.0,240.0,11.0,5.614419954650346,0.6490463099884795,4.7150309758478945,4.39255016014584,0.32,7.8089556217193605,"tensor(0., dtype=torch.float64)"
252,792.0,2.0,240.0,12.0,5.616915643906147,0.6497701893658769,4.713957556749122,4.391792045683461,0.32,7.966160821914673,"tensor(0., dtype=torch.float64)"
253,793.0,2.0,240.0,13.0,5.621416633427759,0.6509909857975001,4.7123066882883915,4.390516099127056,0.32,7.9423810005187985,"tensor(0., dtype=torch.float64)"
254,794.0,2.0,240.0,14.0,5.634104179005935,0.6541679700079567,4.706032597277142,4.384945540561942,0.32,7.8672630310058596,"tensor(0., dtype=torch.float64)"
255,795.0,2.0,240.0,15.0,5.646392328546681,0.6572703861329223,4.6977087359153105,4.377771279616015,0.32,8.064624357223511,"tensor(0., dtype=torch.float64)"
256,796.0,2.0,240.0,16.0,5.654920397653901,0.659438140648666,4.689903398528133,4.370332129882398,0.32,7.958909225463867,"tensor(0., dtype=torch.float64)"
257,797.0,2.0,240.0,17.0,5.652034376286411,0.6587598069650602,4.690234643124526,4.370705845850917,0.32,7.835195684432984,"tensor(0., dtype=torch.float64)"
258,798.0,2.0,240.0,18.0,5.647407364972499,0.6576870031817522,4.690372142279736,4.3716919013257165,0.32,7.84155683517456,"tensor(0., dtype=torch.float64)"
259,799.0,2.0,240.0,19.0,5.641484973242609,0.6562492287693844,4.692156787918121,4.374197377867484,0.32,7.975236701965332,"tensor(0., dtype=torch.float64)"
260,800.0,2.0,240.0,20.0,5.633256317468212,0.6541844729933062,4.697554763608411,4.379635268175894,0.32,7.909949731826782,"tensor(0., dtype=torch.float64)"
261,801.0,2.0,240.0,21.0,5.632410179684858,0.6539005703067502,4.7008906562665285,4.382348453604707,0.32,7.842463874816895,"tensor(0., dtype=torch.float64)"
262,802.0,2.0,240.0,22.0,5.639935328693484,0.6557013511301075,4.6994541321042105,4.380583661764456,0.32,7.845835781097412,"tensor(0., dtype=torch.float64)"
263,803.0,2.0,240.0,23.0,5.644102044500506,0.6567541325913404,4.697609871653144,4.378776646530903,0.32,7.81354923248291,"tensor(0., dtype=torch.float64)"
264,804.0,2.0,240.0,24.0,5.6428082476614465,0.6564447207133349,4.6992413292857576,4.380048457487773,0.32,8.001378583908082,"tensor(0., dtype=torch.float64)"
265,805.0,2.0,240.0,25.0,5.650768633437207,0.658597912158751,4.690578571685764,4.373192326277115,0.32,7.839370203018189,"tensor(0., dtype=torch.float64)"
266,806.0,2.0,240.0,26.0,5.650833423539082,0.6587035616426833,4.686799487227613,4.370383300134618,0.32,8.015621995925903,"tensor(0., dtype=torch.float64)"
267,807.0,2.0,240.0,27.0,5.651311004316882,0.6588187843458332,4.683673596255581,4.366918404908293,0.32,7.920295000076294,"tensor(0., dtype=torch.float64)"
268,808.0,2.0,240.0,28.0,5.647425452713209,0.6577572148918748,4.6865964316253255,4.368546948375245,0.32,7.967278003692627,"tensor(0., dtype=torch.float64)"
269,809.0,2.0,240.0,29.0,5.638928623216063,0.6554562581742946,4.695525828899466,4.375405648695123,0.32,7.931796932220459,"tensor(0., dtype=torch.float64)"
