,step,Opt_val,Eval_val,Loss_val,Violations,A_norm,Violation_val,Violation_train,Test_val,Eps_vals,mu,lam,alpha,alphagrad,dfnorm,gradnorm
0,0,-34595.2091943112,-34524.419550052065,-34524.55059476945,0.0006349206669256091,1.0,0.2844713825466867,0.2832448151765687,-34595.2091943112,1.0,10.1,106.83244815176569,-0.05000000074505806,tensor(5354.9434),1110.2327130916528,"tensor(434.2741, dtype=torch.float64)"
1,1,-34603.15440312438,-34531.56481760888,-34531.69982360344,0.0006349206669256091,0.989019581072056,0.2501311173553884,0.2489405122909047,-34603.15440312438,0.989019581072056,10.201,113.38674732590383,-0.04394616186618805,tensor(5354.9434),1228.2849346099092,"tensor(434.2741, dtype=torch.float64)"
2,2,-34617.827154160856,-34549.60608700841,-34549.73999249495,0.0006349206669256091,0.9687415784983462,0.1862089477494417,0.18508709429209452,-34617.827154160856,0.9687415784983462,10.30301,119.35522077477748,-0.03267785161733627,tensor(5354.9434),1249.9955761769597,"tensor(434.2741, dtype=torch.float64)"
3,3,-34637.258762092664,-34576.70568264545,-34576.83122998329,0.0012698413338512182,0.9418867526770152,0.09668721136592111,0.09567853487774441,-34637.258762092664,0.9418867526770152,10.4060401,124.46220167640823,-0.016899731010198593,tensor(5354.9434),1239.8374465702711,"tensor(434.2741, dtype=torch.float64)"
4,4,-34659.57636068972,-34608.49388551,-34608.60194352388,0.0012698413338512182,0.9110434267754417,0.0036155016198101343,0.002775615081191063,-34659.57636068972,0.9110434267754417,10.510100501,128.65350087824527,0.002775615081191063,tensor(5354.9434),581.3774828434764,"tensor(434.2741, dtype=torch.float64)"
5,5,-34679.70351953542,-34625.00763351574,-34625.11070029429,0.0012698413338512182,0.8832273660816667,0.018004047235358266,0.017229357734322548,-34679.70351953542,0.8832273660816667,10.615201506010001,133.03862336000068,0.017229357734322548,tensor(5354.9434),551.3726080726146,"tensor(434.2741, dtype=torch.float64)"
6,6,-34697.89300370359,-34639.9457659453,-34640.054226915556,0.0012698413338512182,0.8580891747943049,0.02825031071041098,0.027461964637041092,-34697.89300370359,0.8580891747943049,10.721353521070101,137.5762182507778,0.027461964637041092,tensor(5354.9434),532.6644951230454,"tensor(434.2741, dtype=torch.float64)"
7,7,-34714.4165945254,-34653.53773070046,-34653.66007173518,0.0012698413338512182,0.8352532412090895,0.035132409182884364,0.03427228704094887,-34714.4165945254,0.8352532412090895,10.828567056280802,142.23220496454744,0.03427228704094887,tensor(5354.9434),512.93370886233,"tensor(434.2741, dtype=torch.float64)"
8,8,-34729.48760611055,-34665.96406359913,-34666.10736974117,0.0012698413338512182,0.8144248720325208,0.0392732034847591,0.03829822316765785,-34729.48760611055,0.8144248720325208,10.93685272684361,146.97834666476714,0.03829822316765785,tensor(5354.9434),492.38750737768214,"tensor(434.2741, dtype=torch.float64)"
9,9,-34743.276512063116,-34677.36771172196,-34677.53054108609,0.0012698413338512182,0.7953683243487637,0.041183419612377925,0.04011074572004577,-34743.276512063116,0.7953683243487637,11.046221254112046,151.7917730742086,0.04004918783903122,tensor(5354.9434),469.53208014323616,"tensor(434.2741, dtype=torch.float64)"
10,10,-34755.91501868593,-34687.85952468044,-34688.04708112475,0.0012698413338512182,0.777901683440871,0.04126286162984036,0.04006563767031508,-34755.91501868593,0.777901683440871,11.156683466653167,156.6528354742468,0.03993846848607063,tensor(5354.9434),449.23410457541036,"tensor(434.2741, dtype=torch.float64)"
11,11,-34767.526239248094,-34697.54671949585,-34697.7639396035,0.0019047620007768273,0.7618547712712777,0.0398285733942134,0.038483993202955855,-34767.526239248094,0.7618547712712777,11.268250301319698,161.5448625916063,0.03828999400138855,tensor(5354.9434),431.8349046686048,"tensor(434.2741, dtype=torch.float64)"
12,12,-34778.22552595335,-34706.53238718935,-34706.78348612349,0.0019047620007768273,0.747068257540748,0.03713269405583964,0.03562424884567513,-34778.22552595335,0.747068257540748,11.380932804332895,166.45358566492374,0.0353626050055027,tensor(5354.9434),414.69123738369115,"tensor(434.2741, dtype=torch.float64)"
13,13,-34788.109375673615,-34714.90290772955,-34715.18625700758,0.0019047620007768273,0.7334086067452611,0.033380225637415065,0.031726852139939296,-34788.109375673615,0.7334086067452611,11.494742132376224,171.36703995895454,0.03136320412158966,tensor(5354.9434),397.7868449989266,"tensor(434.2741, dtype=torch.float64)"
14,14,-34797.25947364071,-34722.72514561875,-34723.041197111976,0.0019047620007768273,0.7207629110021704,0.028773761792693052,0.026980921719971247,-34797.25947364071,0.7207629110021704,11.609689553699987,176.27507554956992,0.026464520022273064,tensor(5354.9434),382.0501309733659,"tensor(434.2741, dtype=torch.float64)"
15,15,-34805.74904996455,-34730.04857071463,-34730.41861135202,0.0019047620007768273,0.7090301884315202,0.02353792490202219,0.021495536699954496,-34805.74904996455,0.7090301884315202,11.725786449236987,181.16850787892656,0.020805206149816513,tensor(5354.9434),366.968230360458,"tensor(434.2741, dtype=torch.float64)"
16,16,-34813.641696522165,-34736.95176822744,-34737.354114541435,0.0025396826677024364,0.6981223923827228,0.017661966191190544,0.01549943300997581,-34813.641696522165,0.6981223923827228,11.843044313729356,186.04056550018058,0.01449674367904663,tensor(5354.9434),352.6887464240888,"tensor(434.2741, dtype=torch.float64)"
17,17,-34820.993885569784,-34743.48082831646,-34743.898258408924,0.0025396826677024364,0.6879615548971065,0.011262502516488089,0.009075839390274863,-34820.993885569784,0.6879615548971065,11.96147475686665,190.88526879375564,0.0076446919701993465,tensor(5354.9434),339.60396898032394,"tensor(434.2741, dtype=torch.float64)"
18,18,-34827.85712857737,-34749.657582604465,-34750.108219412075,0.0025396826677024364,0.6784764794433512,0.0045402805216792205,0.002237710925100332,-34827.85712857737,0.6784764794433512,12.081089504435317,195.69662501924606,0.00031883642077445984,tensor(5354.9434),327.9751496591368,"tensor(434.2741, dtype=torch.float64)"
19,19,-34834.27932726802,-34745.6720661592,-34746.148873866325,0.0025396826677024364,0.6696009139113266,0.04662163712172653,0.04425037939946986,-34834.27932726802,0.6696009139113266,12.20190039947967,201.0636536151504,-0.007424263749271631,tensor(5354.9434),1123.0517988502722,"tensor(434.2741, dtype=torch.float64)"
20,20,-34842.83932961549,-34757.94812654204,-34758.40661017961,0.0025396826677024364,0.65777074001788,0.016935824613427772,0.014711660393959592,-34842.83932961549,0.65777074001788,12.323919403474468,206.12392398978034,-0.0021315068006515503,tensor(5354.9434),1120.991905205048,"tensor(434.2741, dtype=torch.float64)"
21,21,-34852.86039216673,-34765.57195894311,-34765.98315659132,0.0031746032182127237,0.6439215607029511,0.01824607287468541,0.016299725878901057,-34852.86039216673,0.6439215607029511,12.447158597509214,211.25436825920042,0.013870267197489738,tensor(5354.9434),303.83286337353144,"tensor(434.2741, dtype=torch.float64)"
22,22,-34861.45823283218,-34769.734960146605,-34770.11581378224,0.0031746032182127237,0.6320390855835547,0.02876801455771285,0.027009528137813606,-34861.45823283218,0.6320390855835547,12.571630183484306,216.56942357857935,0.024639619514346123,tensor(5354.9434),294.5702168490811,"tensor(434.2741, dtype=torch.float64)"
23,23,-34868.936767958636,-34773.49029599033,-34773.848463559756,0.0031746032182127237,0.6217036138591008,0.035222203725509146,0.033609059639441094,-34868.936767958636,0.6217036138591008,12.69734648531915,222.02059632057478,0.03117191046476364,tensor(5354.9434),280.98413257835125,"tensor(434.2741, dtype=torch.float64)"
24,24,-34875.510132039235,-34776.962979541306,-34777.3005289623,0.0038095240015536547,0.6126191125721822,0.03836986309517637,0.03688663343979058,-34875.510132039235,0.6126191125721822,12.824319950172342,227.56789728016443,0.03425271809101105,tensor(5354.9434),271.15863623900395,"tensor(434.2741, dtype=torch.float64)"
25,25,-34881.350411831125,-34780.252497731395,-34780.57766159169,0.005079365335404873,0.604547803364118,0.038827818861322125,0.03743338270423919,-34881.350411831125,0.604547803364118,12.952563149674065,233.17768293684978,0.034528378397226334,tensor(5354.9434),263.5315317627714,"tensor(434.2741, dtype=torch.float64)"
26,26,-34886.59430309178,-34783.43781794805,-34783.74935492995,0.005079365335404873,0.5973006102068048,0.037088207075155706,0.035783780760086224,-34886.59430309178,0.5973006102068048,13.082088781170805,238.8221998767485,0.032505959272384644,tensor(5354.9434),257.58313671810754,"tensor(434.2741, dtype=torch.float64)"
27,27,-34891.35118001732,-34786.57818518215,-34786.87977659539,0.005079365335404873,0.5907265450194877,0.03355874173062905,0.03232516830777959,-34891.35118001732,0.5907265450194877,13.212909668982514,244.47791611088547,0.02861100062727928,tensor(5354.9434),251.06455996440837,"tensor(434.2741, dtype=torch.float64)"
28,28,-34895.70391735741,-34789.69106049979,-34790.00970838107,0.005079365335404873,0.5847109574445598,0.028664076731663747,0.027390164965332864,-34895.70391735741,0.5847109574445598,13.345038765672339,250.12498375398394,0.023164086043834686,tensor(5354.9434),244.73272685796348,"tensor(434.2741, dtype=torch.float64)"
29,29,-34899.71763397904,-34792.74669607787,-34793.158769502814,0.005079365335404873,0.5791639132022409,0.022898975583063925,0.02128778966200342,-34899.71763397904,0.5791639132022409,13.478489153329063,255.74708563852778,0.016432352364063263,tensor(5354.9434),241.19068555150196,"tensor(434.2741, dtype=torch.float64)"
30,30,-34903.4500170137,-34795.836081437854,-34796.3269117831,0.005079365335404873,0.5740057023333339,0.01621763337824458,0.014339535665607077,-34903.4500170137,0.5740057023333339,13.613274044862354,261.33175657579204,0.008651874028146267,tensor(5354.9434),237.50363947242786,"tensor(434.2741, dtype=torch.float64)"
31,31,-34906.945879673665,-34798.98792591825,-34799.52266935501,0.005079365335404873,0.5691743630787609,0.00875512252965249,0.006751457213199591,-34906.945879673665,0.5691743630787609,13.749406785310978,266.86897563098245,2.4345703423023224e-05,tensor(5354.9434),233.0551662694407,"tensor(434.2741, dtype=torch.float64)"
32,32,-34910.23883722231,-34785.28645176346,-34785.915139946024,0.005079365335404873,0.5646234992338628,0.0627010785202122,0.06040000379063533,-34910.23883722231,0.5646234992338628,13.886900853164088,273.1992025670586,-0.009320446290075779,tensor(5354.9434),971.5857993536347,"tensor(434.2741, dtype=torch.float64)"
33,33,-34915.0362672283,-34800.35073910347,-34800.909946591324,0.0063492064364254475,0.5579932867273899,0.015401561561005882,0.013396902582205513,-34915.0362672283,0.5579932867273899,14.025769861695728,278.9400043662228,-0.001025943085551262,tensor(5354.9434),981.5125230109884,"tensor(434.2741, dtype=torch.float64)"
34,34,-34920.95248705746,-34799.88604333314,-34800.33345071728,0.0063492064364254475,0.5498169882475407,0.02938785040920709,0.027817732680840472,-34920.95248705746,0.5498169882475407,14.166027560312687,284.94047742755674,0.0216878280043602,tensor(5354.9434),216.00204433517558,"tensor(434.2741, dtype=torch.float64)"
35,35,-34926.0231243235,-34798.161158347924,-34798.48201767114,0.006984127219766378,0.5428092938325232,0.0438354395214708,0.04273366334424226,-34926.0231243235,0.5428092938325232,14.307687835915814,291.21225470436946,0.03726271912455559,tensor(5354.9434),207.49974171054234,"tensor(434.2741, dtype=torch.float64)"
36,36,-34930.420506083465,-34797.023309303026,-34797.26866578431,0.006984127219766378,0.5367320216503199,0.053033626745468965,0.052209420535858954,-34930.420506083465,0.5367320216503199,14.450764714274973,297.6823259298569,0.046983081847429276,tensor(5354.9434),202.2521533787822,"tensor(434.2741, dtype=torch.float64)"
37,37,-34934.281866991645,-34796.471479653665,-34796.683174299054,0.007619048003107309,0.5313955763725693,0.05785624420619832,0.057160552298251774,-34934.281866991645,0.5313955763725693,14.595272361417722,304.28864550776694,0.051946353167295456,tensor(5354.9434),197.4104426587359,"tensor(434.2741, dtype=torch.float64)"
38,38,-34937.71270108999,-34796.47003856201,-34796.6769743374,0.008253968320786953,0.5266541035741127,0.059118007905374984,0.058452586913412465,-34937.71270108999,0.5266541035741127,14.7412250850319,310.97988587856474,0.053041521459817886,tensor(5354.9434),193.08146166018253,"tensor(434.2741, dtype=torch.float64)"
39,39,-34940.79523451538,-34796.9812769737,-34797.20558670066,0.008888889104127884,0.5223939725694166,0.057493524474578415,0.05678752344663611,-34940.79523451538,0.5223939725694166,14.888637335882219,317.7134935777259,0.05099214240908623,tensor(5354.9434),189.47652530193798,"tensor(434.2741, dtype=torch.float64)"
40,40,-34943.594572450056,-34797.98170347513,-34798.22200844836,0.008888889104127884,0.518525228161769,0.053496247228392003,0.052755616545333915,-34943.594572450056,0.518525228161769,15.037523709241041,324.4544077542531,0.04637722671031952,tensor(5354.9434),185.57435238656717,"tensor(434.2741, dtype=torch.float64)"
41,41,-34946.16080576605,-34799.35927919639,-34799.68896987771,0.008888889104127884,0.5149786277749515,0.0478094880453718,0.04681398766276111,-34946.16080576605,0.5149786277749515,15.187898946333451,331.17338368735244,0.039674218744039536,tensor(5354.9434),182.47213280140465,"tensor(434.2741, dtype=torch.float64)"
42,42,-34948.534735216126,-34801.08948264456,-34801.54017085163,0.009523809887468815,0.5116978669639191,0.0407659140204189,0.03943195480785934,-34948.534735216126,0.5116978669639191,15.339777935796786,337.84743181076396,0.03128043934702873,tensor(5354.9434),182.98833138985387,"tensor(434.2741, dtype=torch.float64)"
43,43,-34950.75500549187,-34803.08900725464,-34803.74652140525,0.009523809887468815,0.5086293638098419,0.03282594004598764,0.03091718205831865,-34950.75500549187,0.5086293638098419,15.493175715154754,344.4576056922579,0.021515849977731705,tensor(5354.9434),179.19197424427972,"tensor(434.2741, dtype=torch.float64)"
44,44,-34952.844141215486,-34805.39090275907,-34806.19029990692,0.009523809887468815,0.5057421878046409,0.024030085982923027,0.02175266310489886,-34952.844141215486,0.5057421878046409,15.648107472306302,350.9918938100766,0.010653267614543438,tensor(5354.9434),177.10855871078795,"tensor(434.2741, dtype=torch.float64)"
45,45,-34954.82298017283,-34805.44308828104,-34806.250570926575,0.009523809887468815,0.5030074266832997,0.021630785836806096,0.019372547607136012,-34954.82298017283,0.5030074266832997,15.804588547029365,357.55428050596794,-0.0010564401745796204,tensor(5354.9434),1102.090550906631,"tensor(434.2741, dtype=torch.float64)"
46,46,-34958.38000223467,-34804.982248543405,-34805.79514489249,0.009523809887468815,0.49809149552027904,0.02502698653080901,0.02279531220346661,-34958.38000223467,0.49809149552027904,15.962634432499659,364.2363864549566,0.010578705929219723,tensor(5354.9434),166.7954837522829,"tensor(434.2741, dtype=torch.float64)"
47,47,-34961.47053702843,-34803.06169871778,-34803.860505690944,0.009523809887468815,0.49382031665411047,0.03083923069951012,0.028686672275454742,-34961.47053702843,0.49382031665411047,16.122260776824657,371.07935509057444,0.01686115749180317,tensor(5354.9434),163.550510583484,"tensor(434.2741, dtype=torch.float64)"
48,48,-34964.18950525494,-34802.013344044295,-34802.801309042356,0.010158730670809746,0.490062655007081,0.03296673782763696,0.030882411203650796,-34964.18950525494,0.490062655007081,16.283483384592902,378.0261536881467,0.018788902088999748,tensor(5354.9434),160.9916660262914,"tensor(434.2741, dtype=torch.float64)"
49,49,-34966.6112400061,-34801.6984572557,-34802.52466061551,0.010793650522828102,0.48671577526435766,0.032223438177003925,0.03007771618295448,-34966.6112400061,0.48671577526435766,16.44631821843883,385.02931703369546,0.017158877104520798,tensor(5354.9434),156.60215882630382,"tensor(434.2741, dtype=torch.float64)"
50,50,-34968.79026206447,-34802.02482261141,-34802.90063622105,0.010793650522828102,0.4837043277705139,0.029189911567596014,0.026956089460741,-34968.79026206447,0.4837043277705139,16.610781400623218,392.05117274626707,0.01267276518046856,tensor(5354.9434),147.8896457076662,"tensor(434.2741, dtype=torch.float64)"
51,51,-34970.76190510776,-34802.87788360533,-34803.734863858466,0.011428571306169033,0.4809794953415717,0.024403941449733076,0.022256568064752343,-34970.76190510776,0.4809794953415717,16.77688921462945,399.0651842933681,0.005976507905870676,tensor(5354.9434),143.8796067762135,"tensor(434.2741, dtype=torch.float64)"
52,52,-34972.56180503121,-34797.406055240295,-34798.228680215376,0.012063492089509964,0.4784919878892297,0.03493869690749294,0.03291424790451704,-34972.56180503121,0.4784919878892297,16.944658106775744,406.3281386698968,-0.002492781262844801,tensor(5354.9434),1109.8096048036073,"tensor(434.2741, dtype=torch.float64)"
53,53,-34975.80225906668,-34798.330911822195,-34799.280667834406,0.012698412872850895,0.4740136242740213,0.03286170471029139,0.030565630217991854,-34975.80225906668,0.4740136242740213,17.1141046878435,413.6239260664691,0.014840541407465935,tensor(5354.9434),137.11764509903335,"tensor(434.2741, dtype=torch.float64)"
54,54,-34978.57074590467,-34793.95742097433,-34794.97928252743,0.013333333656191826,0.4701875114945304,0.04228444845763575,0.039858217798582,-34978.57074590467,0.4701875114945304,17.285245734721936,421.1517056536823,0.025481373071670532,tensor(5354.9434),139.38838656531823,"tensor(434.2741, dtype=torch.float64)"
55,55,-34980.97355100776,-34790.91606023531,-34791.99798787491,0.014603176154196262,0.46686679281281457,0.047176744046481,0.0446539417413082,-34980.97355100776,0.46686679281281457,17.458098192069155,428.83765830359357,0.03053123503923416,tensor(5354.9434),134.9559275575959,"tensor(434.2741, dtype=torch.float64)"
56,56,-34983.08184401233,-34789.08053544773,-34790.223673438915,0.01587301678955555,0.46395312202312805,0.04829789676868227,0.04567987102483873,-34983.08184401233,0.46395312202312805,17.632679173989846,436.6183812541739,0.031063279137015343,tensor(5354.9434),130.74817372072204,"tensor(434.2741, dtype=torch.float64)"
57,57,-34984.951093871336,-34788.2870458378,-34789.450317932904,0.016507936641573906,0.4613697589420757,0.0464016691620477,0.043784437206751896,-34984.951093871336,0.4613697589420757,17.809005965729746,444.44348985785024,0.027935901656746864,tensor(5354.9434),121.32874151174614,"tensor(434.2741, dtype=torch.float64)"
58,58,-34986.61670695604,-34788.273391742754,-34789.43592939084,0.017777778208255768,0.4590678557088565,0.04235300524451627,0.03978271654110277,-34986.61670695604,0.4590678557088565,17.987096025387043,452.27558288035556,0.021949000656604767,tensor(5354.9434),114.32892759983267,"tensor(434.2741, dtype=torch.float64)"
59,59,-34986.766656382766,-34785.20164551179,-34786.37863694621,0.017777778208255768,0.4588606217749412,0.041787461974289855,0.03922989167696781,-34986.766656382766,0.4588606217749412,18.166966985640915,460.1760531191695,0.021128807216882706,tensor(5354.9434),112.11674645690255,"tensor(434.2741, dtype=torch.float64)"
60,60,-34986.903586753375,-34782.15914683225,-34783.35014930862,0.017777778208255768,0.45867138102062693,0.04108593272830876,0.03854195874647571,-34986.903586753375,0.45867138102062693,18.348636655497323,468.14303040553506,0.02012934722006321,tensor(5354.9434),109.81456441715818,"tensor(434.2741, dtype=torch.float64)"
61,61,-34987.02975358769,-34779.14098945856,-34780.34508468035,0.017777778208255768,0.4584970144392472,0.04027231149130288,0.03774375269469946,-34987.02975358769,0.4584970144392472,18.532123022052296,476.17503147194395,0.01898251101374626,tensor(5354.9434),108.26374928227241,"tensor(434.2741, dtype=torch.float64)"
62,62,-34987.14707562299,-34776.14074505874,-34777.35861846345,0.017777778208255768,0.4583348724106365,0.03937109012260427,0.03685635139233084,-34987.14707562299,0.4583348724106365,18.71744425227282,484.2709071189115,0.01771383173763752,tensor(5354.9434),107.10994432705574,"tensor(434.2741, dtype=torch.float64)"
63,63,-34987.25714516464,-34773.136834466546,-34774.3885337374,0.018412699922919273,0.4581827544853854,0.03843502026987869,0.035893258936038897,-34987.25714516464,0.4581827544853854,18.90461869479555,492.42971489298833,0.01634170673787594,tensor(5354.9434),105.52602860651879,"tensor(434.2741, dtype=torch.float64)"
64,64,-34987.36116845163,-34770.14379407887,-34771.42640195467,0.018412699922919273,0.4580389924256235,0.03744036345523785,0.034878606812845624,-34987.36116845163,0.4580389924256235,19.093664881743504,500.6509291333091,0.014882891438901424,tensor(5354.9434),101.20146316303683,"tensor(434.2741, dtype=torch.float64)"
65,65,-34987.37102373078,-34766.59255429351,-34767.89691673335,0.018412699922919273,0.45802537227062057,0.03733568181783389,0.03477296691727425,-34987.37102373078,0.45802537227062057,19.284601530560938,508.95233846326886,0.014730107970535755,tensor(5354.9434),100.28843526491528,"tensor(434.2741, dtype=torch.float64)"
66,66,-34987.38042981253,-34763.009760978945,-34764.33608444163,0.018412699922919273,0.4580123729161519,0.03722635762626683,0.03466271699711501,-34987.38042981253,0.4580123729161519,19.477447545866546,517.3346357607492,0.014571203850209713,tensor(5354.9434),99.28992362913993,"tensor(434.2741, dtype=torch.float64)"
67,67,-34987.389461335166,-34759.395070298524,-34760.743566478195,0.018412699922919273,0.45799989121020046,0.03711288016342156,0.03454833869619401,-34987.389461335166,0.45799989121020046,19.67222202132521,525.7985282338477,0.014406799338757992,tensor(5354.9434),98.36142712803226,"tensor(434.2741, dtype=torch.float64)"
68,68,-34987.39817906888,-34755.74815730444,-34757.119043065,0.018412699922919273,0.4579878431668412,0.036995638895174494,0.03443021449271295,-34987.39817906888,0.4579878431668412,19.868944241538465,534.3447358661203,0.014237385243177414,tensor(5354.9434),97.7382478183662,"tensor(434.2741, dtype=torch.float64)"
69,69,-34987.40663626145,-34752.06871545116,-34753.46221325177,0.018412699922919273,0.457976155196243,0.03687494489852737,0.0343086481727964,-34987.40663626145,0.457976155196243,20.06763368395385,542.9739901802836,0.01406334713101387,tensor(5354.9434),96.65620843019433,"tensor(434.2741, dtype=torch.float64)"
70,70,-34987.41486852186,-34748.356489416255,-34749.772790690135,0.018412699922919273,0.45796477805284797,0.03675095935553627,0.034183860501590495,-34987.41486852186,0.45796477805284797,20.26831002079339,551.6870328443144,0.01388498768210411,tensor(5354.9434),95.69793469374235,"tensor(434.2741, dtype=torch.float64)"
71,71,-34987.415672309435,-34744.539851082365,-34745.97878190056,0.018412699922919273,0.4579636671977399,0.03673824430330073,0.03417107652568454,-34987.415672309435,0.4579636671977399,20.470993121001325,560.4869468253986,0.013866743072867393,tensor(5354.9434),94.86840529657005,"tensor(434.2741, dtype=torch.float64)"
72,72,-34987.416459304484,-34740.68545480327,-34742.14724072367,0.018412699922919273,0.4579625795502024,0.03672523891950495,0.034158003779752116,-34987.416459304484,0.4579625795502024,20.67570305221134,569.3745923342016,0.013848108239471912,tensor(5354.9434),94.04530684137293,"tensor(434.2741, dtype=torch.float64)"
73,73,-34987.41723161586,-34736.79292970652,-34738.27779860166,0.018412699922919273,0.45796151219576375,0.03671195440970437,0.03414465328477917,-34987.41723161586,0.45796151219576375,20.882460082733452,578.3508382672229,0.013829097151756287,tensor(5354.9434),93.30489380800327,"tensor(434.2741, dtype=torch.float64)"
74,74,-34987.41799105612,-34732.86190208318,-34734.37008415099,0.018412699922919273,0.457960462629424,0.036698399805193294,0.03413103391376032,-34987.41799105612,0.457960462629424,21.091284683560787,587.4165622536028,0.013809720985591412,tensor(5354.9434),92.57277252304038,"tensor(434.2741, dtype=torch.float64)"
75,75,-34987.4187390879,-34728.891995458995,-34730.42372323404,0.018412699922919273,0.4579594288297847,0.036684581264984646,0.03411715169828351,-34987.4187390879,0.4579594288297847,21.302197530396395,596.5726506860879,0.013789987191557884,tensor(5354.9434),91.94622928817901,"tensor(434.2741, dtype=torch.float64)"
76,76,-34987.419477041556,-34724.882830450144,-34726.43833882528,0.018412699922919273,0.4579584089582916,0.03667050286153045,0.034103010595199754,-34987.419477041556,0.4579584089582916,21.515219505700358,605.8199987663265,0.013769900426268578,tensor(5354.9434),91.37674247859235,"tensor(434.2741, dtype=torch.float64)"
77,77,-34987.42020606791,-34720.83402447534,-34722.41355070982,0.018412699922919273,0.4579574014244313,0.036656168571705096,0.03408861448199077,-34987.42020606791,0.4579574014244313,21.730371700757363,615.1595105918319,0.013749465346336365,tensor(5354.9434),90.68414461830463,"tensor(434.2741, dtype=torch.float64)"
78,78,-34987.42092690084,-34716.74519058579,-34718.34897432193,0.018412699922919273,0.45795640521397785,0.03664158080394926,0.03407396570323478,-34987.42092690084,0.45795640521397785,21.947675417764938,624.592099212185,0.01372868474572897,tensor(5354.9434),90.12391290061981,"tensor(434.2741, dtype=torch.float64)"
79,79,-34987.421640328335,-34712.61592768119,-34714.24422334931,0.018412699922919273,0.4579554192379342,0.03662675951420694,0.0340590646164711,-34987.421640328335,0.4579554192379342,22.167152171942586,634.118686674526,0.013707558624446392,tensor(5354.9434),89.53905175386956,"tensor(434.2741, dtype=torch.float64)"
80,80,-34987.422346943385,-34708.44568496983,-34710.098907007865,0.018412699922919273,0.45795444267674584,0.03661194959781894,0.03404391216175263,-34987.422346943385,0.45795444267674584,22.38882369366201,643.7402041247208,0.013686087913811207,tensor(5354.9434),89.63474636815444,"tensor(434.2741, dtype=torch.float64)"
81,81,-34987.42304825316,-34704.2342279307,-34705.912631630425,0.018412699922919273,0.4579534734474863,0.03659689276105344,0.03402850902147052,-34987.42304825316,0.4579534734474863,22.612711930598632,653.4575918912254,0.013664272613823414,tensor(5354.9434),88.35644254376976,"tensor(434.2741, dtype=torch.float64)"
82,82,-34987.42374337834,-34699.981155880094,-34701.68499913922,0.018412699922919273,0.45795251276538096,0.036581587201880594,0.034012853456228065,-34987.42374337834,0.45795251276538096,22.838839049904617,663.2717995206083,0.013642110861837864,tensor(5354.9434),87.89377093607439,"tensor(434.2741, dtype=torch.float64)"
83,83,-34987.42443285321,-34695.68606482834,-34697.41560826151,0.018412699922919273,0.4579515598920323,0.03656603255575922,0.03399694503611712,-34987.42443285321,0.4579515598920323,23.067227440403663,673.1837858964385,0.013619601726531982,tensor(5354.9434),87.35826901152655,"tensor(434.2741, dtype=torch.float64)"
84,84,-34987.42511699471,-34691.34854669828,-34693.10405366672,0.018412699922919273,0.45795061438945195,0.036550227680349545,0.033980782563318226,-34987.42511699471,0.45795061438945195,23.2978997148077,683.194519312591,0.01359674334526062,tensor(5354.9434),86.59993829036799,"tensor(434.2741, dtype=torch.float64)"
85,85,-34987.42579571823,-34686.968190220556,-34688.749926824064,0.018412699922919273,0.4579496763745494,0.03653417121127417,0.03396436465747986,-34987.42579571823,0.4579496763745494,23.530878711955776,693.3049775601812,0.013573533855378628,tensor(5354.9434),86.49480840271397,"tensor(434.2741, dtype=torch.float64)"
86,86,-34987.42646994731,-34682.544580883885,-34684.35281608648,0.018412699922919273,0.4579487445709594,0.03651786102146787,0.03394768905293534,-34987.42646994731,0.4579487445709594,23.766187499075333,703.5161479986193,0.013549969531595707,tensor(5354.9434),85.90283722294258,"tensor(434.2741, dtype=torch.float64)"
87,87,-34987.42713968204,-34678.07729916636,-34679.91230474425,0.018412699922919273,0.45794781897857656,0.036501295793319344,0.03393075440806835,-34987.42713968204,0.45794781897857656,24.003849374066085,713.8290276694967,0.013526048511266708,tensor(5354.9434),84.62127157414845,"tensor(434.2741, dtype=torch.float64)"
88,88,-34987.42780387605,-34673.56592210398,-34675.42797261615,0.018412699922919273,0.4579469010434876,0.03648447231294101,0.033913557563689176,-34987.42780387605,0.4579469010434876,24.243887867806748,724.2446233466206,0.013501767069101334,tensor(5354.9434),83.28490512350785,"tensor(434.2741, dtype=torch.float64)"
89,89,-34987.42846160915,-34669.01002158636,-34670.89939439767,0.018412699922919273,0.45794599203745073,0.0364673887559549,0.0338960967608198,-34987.42846160915,0.45794599203745073,24.486326746484817,734.7639516627689,0.013477123342454433,tensor(5354.9434),82.91870624531902,"tensor(434.2741, dtype=torch.float64)"
90,90,-34987.429113617356,-34664.40916746642,-34666.326142912585,0.018412699922919273,0.4579450909432613,0.0364500428917556,0.03387836964856541,-34987.429113617356,0.4579450909432613,24.731190013949664,745.3880391902159,0.01345211360603571,tensor(5354.9434),82.11336430690488,"tensor(434.2741, dtype=torch.float64)"
91,91,-34987.429759823106,-34659.76292529604,-34661.70778665603,0.018412699922919273,0.45794419786809015,0.036432432041759596,0.033860373507531544,-34987.429759823106,0.45794419786809015,24.97850191408916,756.1179225269537,0.013426734134554863,tensor(5354.9434),81.45986036369189,"tensor(434.2741, dtype=torch.float64)"
92,92,-34987.43040039483,-34655.070856567836,-34657.043890116016,0.018412699922919273,0.45794331257923204,0.036414553662038725,0.033842105729099084,-34987.43040039483,0.45794331257923204,25.228286933230052,766.9546483953205,0.013400981202721596,tensor(5354.9434),80.79652921018857,"tensor(434.2741, dtype=torch.float64)"
93,93,-34987.43103545226,-34650.332518351985,-34652.334013376225,0.018412699922919273,0.45794243491111675,0.03639640584206422,0.03382356435460458,-34987.43103545226,0.45794243491111675,25.480569802562353,777.8992737552551,0.013374852016568184,tensor(5354.9434),79.67159096035496,"tensor(434.2741, dtype=torch.float64)"
94,94,-34987.43166439086,-34645.54746333295,-34647.577712125436,0.018412699922919273,0.4579415656993119,0.03637798561248493,0.033804746425070975,-34987.43166439086,0.4579415656993119,25.735375500587978,788.9528658772219,0.013348342850804329,tensor(5354.9434),79.02130022655652,"tensor(434.2741, dtype=torch.float64)"
95,95,-34987.43228744717,-34640.71524073506,-34642.774538686186,0.018412699922919273,0.4579407046168608,0.03635929046715772,0.03378564936279545,-34987.43228744717,0.4579407046168608,25.992729255593858,800.1165024503399,0.013321449980139732,tensor(5354.9434),80.82336934323774,"tensor(434.2741, dtype=torch.float64)"
96,96,-34987.43290853169,-34635.83539782187,-34637.924043741026,0.018412699922919273,0.45793984625936773,0.03634031992486747,0.03376627225968062,-34987.43290853169,0.45793984625936773,26.252656548149798,811.391271725394,0.013294169679284096,tensor(5354.9434),78.37896676601216,"tensor(434.2741, dtype=torch.float64)"
97,97,-34987.43352432919,-34630.90747304014,-34633.025768636435,0.018412699922919273,0.4579389952085708,0.036321069524681296,0.033746610928710875,-34987.43352432919,0.4579389952085708,26.515183113631295,822.7782725310293,0.01326649822294712,tensor(5354.9434),78.60886622663864,"tensor(434.2741, dtype=torch.float64)"
98,98,-34987.434136245494,-34625.93100379439,-34628.07925407236,0.018412699922919273,0.4579381495215822,0.036301537403593834,0.03372666332245773,-34987.434136245494,0.4579381495215822,26.78033494476761,834.2786144302886,0.013238431885838509,tensor(5354.9434),77.02742802206808,"tensor(434.2741, dtype=torch.float64)"
99,99,-34987.43474265675,-34620.90552100703,-34623.0840340661,0.018412699922919273,0.45793731144259725,0.036281720028964175,0.033706426016825344,-34987.43474265675,0.45793731144259725,27.048138294215285,845.8934177867172,0.013209966942667961,tensor(5354.9434),76.98982699513141,"tensor(434.2741, dtype=torch.float64)"
100,100,-34987.4353446065,-34615.8305536692,-34618.03964095802,0.018412699922919273,0.4579364795294136,0.03626161468123949,0.03368589613160693,-34987.4353446065,0.4579364795294136,27.31861967715744,857.6238138815356,0.013181098736822605,tensor(5354.9434),77.42634451216904,"tensor(434.2741, dtype=torch.float64)"
101,101,-34987.435943649,-34610.70562536647,-34612.94560174762,0.018412699922919273,0.4579356516340224,0.036241220238367684,0.0336650723590918,-34987.435943649,0.4579356516340224,27.591805873929015,869.4709450605806,0.013151824474334717,tensor(5354.9434),76.99283413569863,"tensor(434.2741, dtype=torch.float64)"
102,102,-34987.43653970745,-34605.53025534605,-34607.801439022645,0.018412699922919273,0.4579348278625188,0.03622053336302526,0.03364395131008794,-34987.43653970745,0.4579348278625188,27.867723932668305,881.4359647835321,0.013122139498591423,tensor(5354.9434),76.3267424153263,"tensor(434.2741, dtype=torch.float64)"
103,103,-34987.437132367595,-34600.303958842276,-34602.606671359266,0.018412699922919273,0.45793400878750057,0.036199550530577024,0.03362252944032037,-34987.437132367595,0.45793400878750057,28.146401171994988,893.5200377249603,0.01309203915297985,tensor(5354.9434),75.05945601796196,"tensor(434.2741, dtype=torch.float64)"
104,104,-34987.437720385715,-34595.02624493626,-34597.36081114205,0.018412699922919273,0.4579331961277514,0.03617826841979156,0.033600803499741226,-34987.437720385715,0.4579331961277514,28.42786518371494,905.7243398887633,0.013061519712209702,tensor(5354.9434),74.43011572456841,"tensor(434.2741, dtype=torch.float64)"
105,105,-34987.4383037349,-34589.696619026756,-34592.06336720959,0.018412699922919273,0.45793238992047947,0.03615668438047262,0.03357877079249735,-34987.4383037349,0.45793238992047947,28.712143835552087,918.0500587313733,0.013030577450990677,tensor(5354.9434),72.19278473050835,"tensor(434.2741, dtype=torch.float64)"
106,106,-34987.43887995378,-34584.314581940685,-34586.71384365465,0.018412699922919273,0.45793159356741564,0.03613479376210002,0.0335564268426197,-34987.43887995378,0.45793159356741564,28.999265273907607,930.4983932197066,0.012999207712709904,tensor(5354.9434),71.11205270086276,"tensor(434.2741, dtype=torch.float64)"
107,107,-34987.43944882818,-34578.87962941612,-34581.311739712655,0.018412699922919273,0.45793080736449177,0.03611259381001895,0.03353376886643653,-34987.43944882818,0.45793080736449177,29.289257926646684,943.0705539882614,0.012967406772077084,tensor(5354.9434),71.15741038541884,"tensor(434.2741, dtype=torch.float64)"
108,108,-34987.440011895524,-34573.39125512445,-34575.85655274733,0.018412699922919273,0.457930029187021,0.036090082076159664,0.033510794208362456,-34987.440011895524,0.457930029187021,29.58215050591315,955.7677634538155,0.012935169972479343,tensor(5354.9434),69.6204625493342,"tensor(434.2741, dtype=torch.float64)"
109,109,-34987.44056798477,-34567.84861812545,-34570.34777290979,0.018412699922919273,0.4579292606533437,0.036067592805944126,0.033487498978753055,-34987.44056798477,0.4579292606533437,29.877972010972282,968.5912558910369,0.01290249265730381,tensor(5354.9434),70.56649377350419,"tensor(434.2741, dtype=torch.float64)"
110,110,-34987.441119926654,-34562.251425703624,-34564.78488839652,0.018412699922919273,0.457928497851326,0.03604488438671154,0.03346388178147748,-34987.441119926654,0.457928497851326,30.176751731082007,981.5422776186713,0.012869371101260185,tensor(5354.9434),68.67814645772195,"tensor(434.2741, dtype=torch.float64)"
111,111,-34987.44166568507,-34556.5992423675,-34559.167379548446,0.018412699922919273,0.45792774359492144,0.03602186028094133,0.03343993833327831,-34987.44166568507,0.45792774359492144,30.47851924839283,994.6220870280902,0.012835800647735596,tensor(5354.9434),66.95926634649058,"tensor(434.2741, dtype=torch.float64)"
112,112,-34987.44220388838,-34550.89154089733,-34553.49472314649,0.018412699922919273,0.45792699977987916,0.03599851645931662,0.03341566465219761,-34987.44220388838,0.45792699977987916,30.78330444087676,1007.8319547057472,0.012801776640117168,tensor(5354.9434),66.61290348050298,"tensor(434.2741, dtype=torch.float64)"
113,113,-34987.44273552166,-34545.127789937906,-34547.76639217659,0.018412699922919273,0.4579262650446392,0.035974850255670654,0.033391057831277556,-34987.44273552166,0.4579262650446392,31.091137485285525,1021.173163580921,0.01276729442179203,tensor(5354.9434),67.59815526420181,"tensor(434.2741, dtype=torch.float64)"
114,114,-34987.44326339359,-34539.30745400468,-34541.98185578286,0.018412699922919273,0.45792553550761106,0.03595086005566154,0.03336611579365613,-34987.44326339359,0.45792553550761106,31.402048860138382,1034.6470090685257,0.012732349336147308,tensor(5354.9434),65.9063983338381,"tensor(434.2741, dtype=torch.float64)"
115,115,-34987.443785689204,-34533.429990135046,-34536.14057508572,0.018412699922919273,0.4579248136771096,0.03592654222237929,0.03334083502784828,-34987.443785689204,0.4579248136771096,31.716069348739765,1048.2547991431634,0.012696937657892704,tensor(5354.9434),64.70986776631827,"tensor(434.2741, dtype=torch.float64)"
116,116,-34987.44430170799,-34527.49485210383,-34530.24200818003,0.018412699922919273,0.45792410052128474,0.035901892467128355,0.03331521118667835,-34987.44430170799,0.45792410052128474,32.03323004222716,1061.9978544310238,0.01266105379909277,tensor(5354.9434),63.618281658489266,"tensor(434.2741, dtype=torch.float64)"
117,117,-34987.444811048765,-34521.50148806832,-34524.28560757545,0.018412699922919273,0.4579233965945694,0.03587690796914032,0.03328924140147453,-34987.444811048765,0.4579233965945694,32.35356234264943,1075.8775083756593,0.012624694034457207,tensor(5354.9434),63.726228287808965,"tensor(434.2741, dtype=torch.float64)"
118,118,-34987.44531521063,-34515.44934255196,-34518.2708225095,0.018412699922919273,0.45792269982514955,0.03585158571080796,0.03326292232880809,-34987.44531521063,0.45792269982514955,32.67709796607593,1089.895107343983,0.012587852776050568,tensor(5354.9434),64.95974038756812,"tensor(434.2741, dtype=torch.float64)"
119,119,-34987.44581710069,-34509.33785500709,-34512.19709737431,0.018412699922919273,0.45792200619535484,0.035825924134074635,0.03323625193873113,-34987.44581710069,0.45792200619535484,33.003868945736684,1104.0520107910404,0.01255052536725998,tensor(5354.9434),60.61225976246469,"tensor(434.2741, dtype=torch.float64)"
120,120,-34987.44631057667,-34503.16645666786,-34506.063867191144,0.018412699922919273,0.4579213241939739,0.0357999164559895,0.03320922407269897,-34987.44631057667,0.4579213241939739,33.33390763519405,1118.34959124842,0.012512707151472569,tensor(5354.9434),61.82955123351027,"tensor(434.2741, dtype=torch.float64)"
121,121,-34987.44679916809,-34496.934576873486,-34499.87056643233,0.018412699922919273,0.45792064894309253,0.03577356147776525,0.03318183698423542,-34987.44679916809,0.45792064894309253,33.66724671154599,1132.7892345916962,0.012474393472075462,tensor(5354.9434),60.5777867217503,"tensor(434.2741, dtype=torch.float64)"
122,122,-34987.44728195238,-34490.6416385183,-34493.61662258387,0.018412699922919273,0.4579199817177952,0.035746855430274505,0.033154086895840734,-34987.44728195238,0.4579199817177952,34.003919178661455,1147.3723400993329,0.012435579672455788,tensor(5354.9434),60.574810609781096,"tensor(434.2741, dtype=torch.float64)"
123,123,-34987.44776008614,-34484.28690358452,-34487.30145976795,0.018412699922919273,0.45791932091953835,0.03571993034063522,0.03312597030870268,-34987.44776008614,0.45791932091953835,34.34395837044807,1162.1003205878892,0.012396260164678097,tensor(5354.9434),59.777680956006236,"tensor(434.2741, dtype=torch.float64)"
124,124,-34987.4482332898,-34477.86949590185,-34480.924494398794,0.018412699922919273,0.45791866693474814,0.035693022166689695,0.03309748373818549,-34987.4482332898,0.45791866693474814,34.68739795415255,1176.9746025397392,0.012356430292129517,tensor(5354.9434),57.01009663692085,"tensor(434.2741, dtype=torch.float64)"
125,125,-34987.44869835,-34471.38924534388,-34474.48513891804,0.018412699922919273,0.45791802420437555,0.03566575705039435,0.03306862168813658,-34987.44869835,0.45791802420437555,35.03427193369408,1191.996626161692,0.0123160844668746,tensor(5354.9434),58.51108621191101,"tensor(434.2741, dtype=torch.float64)"
126,126,-34987.449159172626,-34464.84555367267,-34467.982801243736,0.018412699922919273,0.457917387330422,0.035638134103008805,0.03303938258682407,-34987.449159172626,0.457917387330422,35.38461465303102,1207.1678456492377,0.012275218032300472,tensor(5354.9434),54.928482981391525,"tensor(434.2741, dtype=torch.float64)"
127,127,-34987.449611169235,-34458.23781654398,-34461.41688198435,0.018412699922919273,0.4579167626541993,0.035610146823304156,0.03300976030858216,-34987.449611169235,0.4579167626541993,35.73846079956133,1222.4897291587583,0.012233825400471687,tensor(5354.9434),58.88616386650662,"tensor(434.2741, dtype=torch.float64)"
128,128,-34987.45006210958,-34451.56542630438,-34454.7867804121,0.018412699922919273,0.4579161394376721,0.03558179658660241,0.03297975505037657,-34987.45006210958,0.4579161394376721,36.09584540755694,1237.96375916163,0.012191901914775372,tensor(5354.9434),55.22253633917299,"tensor(434.2741, dtype=torch.float64)"
129,129,-34987.4505066461,-34444.82776751944,-34448.09188607656,0.018412699922919273,0.4579155250713682,0.03555307644587157,0.03294936033814941,-34987.4505066461,0.4579155250713682,36.456803861632515,1253.5914323416964,0.012149441987276077,tensor(5354.9434),53.34571397743453,"tensor(434.2741, dtype=torch.float64)"
130,130,-34987.45094321176,-34438.02421975178,-34441.33158418741,0.018412699922919273,0.4579149217209505,0.03552398167068479,0.03291857142710316,-34987.45094321176,0.4579149217209505,36.82137190024884,1269.3742597882724,0.012106440030038357,tensor(5354.9434),52.39124654823375,"tensor(434.2741, dtype=torch.float64)"
131,131,-34987.45137195245,-34431.15415753536,-34434.505255275435,0.018412699922919273,0.45791432918487024,0.035494508533467375,0.03288738435516652,-34987.45137195245,0.45791432918487024,37.18958561925133,1285.31376715854,0.012062890455126762,tensor(5354.9434),51.14780260771616,"tensor(434.2741, dtype=torch.float64)"
132,132,-34987.451792546344,-34424.21694961659,-34427.612274033,0.018412699922919273,0.45791374790781486,0.035464653668229984,0.03285579561726054,-34987.451792546344,0.45791374790781486,37.56148147544385,1301.4114948304373,0.012018788605928421,tensor(5354.9434),53.25207304196368,"tensor(434.2741, dtype=torch.float64)"
133,133,-34987.452209815296,-34417.211960380155,-34420.6518567387,0.018412699922919273,0.4579131712258775,0.03543441608640473,0.03282392106333693,-34987.452209815296,0.4579131712258775,37.93709629019829,1317.6690025235869,0.011974128894507885,tensor(5354.9434),51.69795844967041,"tensor(434.2741, dtype=torch.float64)"
134,134,-34987.45262206617,-34410.13849409844,-34413.62336304843,0.018412699922919273,0.45791260147902607,0.03540382912288201,0.032791752646939794,-34987.45262206617,0.45791260147902607,38.31646725310027,1334.0878649173576,0.011928961612284184,tensor(5354.9434),52.709366270795044,"tensor(434.2741, dtype=torch.float64)"
135,135,-34987.45303183689,-34402.99590958721,-34406.52625243607,0.018412699922919273,0.4579120351597309,0.03537288282305627,0.03275920750788272,-34987.45303183689,0.4579120351597309,38.69963192563127,1350.669668920311,0.011883269995450974,tensor(5354.9434),51.70987331411729,"tensor(434.2741, dtype=torch.float64)"
136,136,-34987.453438106866,-34395.783558587864,-34399.359882948054,0.018412699922919273,0.4579114736785065,0.03534156705512965,0.03272627516893041,-34987.453438106866,0.4579114736785065,39.086628244887585,1367.416016493898,0.011837040074169636,tensor(5354.9434),51.249045624232096,"tensor(434.2741, dtype=torch.float64)"
137,137,-34987.45384087688,-34388.50078436023,-34392.12360429554,0.018412699922919273,0.4579109170342603,0.03530987419166488,0.03269294762304384,-34987.45384087688,0.4579109170342603,39.47749452733646,1384.3285248818245,0.011790260672569275,tensor(5354.9434),50.88712197102981,"tensor(434.2741, dtype=torch.float64)"
138,138,-34987.45424029762,-34381.14692624449,-34384.816762426155,0.018412699922919273,0.4579103650187274,0.03527779605862527,0.03265921626614679,-34987.45424029762,0.4579103650187274,39.87226947260982,1401.408826724173,0.011742919683456421,tensor(5354.9434),51.33856497636526,"tensor(434.2741, dtype=torch.float64)"
139,139,-34987.45463772371,-34373.72131571016,-34377.43869564899,0.018412699922919273,0.45790981575981266,0.03524532645734803,0.03262507438184964,-34987.45463772371,0.45790981575981266,40.27099216733592,1418.658570270534,0.011695006862282753,tensor(5354.9434),47.003503477250334,"tensor(434.2741, dtype=torch.float64)"
140,140,-34987.45502697676,-34366.22327580875,-34369.98873251124,0.018412699922919273,0.457909277796236,0.035212456048644244,0.03259051312013566,-34987.45502697676,0.457909277796236,40.673702089009275,1436.0794194360587,0.0116465138271451,tensor(5354.9434),46.7787398818092,"tensor(434.2741, dtype=torch.float64)"
141,141,-34987.45540935022,-34358.652126084504,-34362.466199499686,0.018412699922919273,0.4579087493404043,0.03517917923425659,0.03255552640260917,-34987.45540935022,0.4579087493404043,41.080439109899366,1453.6730540539131,0.011597431264817715,tensor(5354.9434),47.39079533866101,"tensor(434.2741, dtype=torch.float64)"
142,142,-34987.45578714851,-34351.00717903458,-34354.87041630333,0.018412699922919273,0.45790822720760216,0.03514549164320083,0.03252010928411961,-34987.45578714851,0.45790822720760216,41.49124350099836,1471.4411700671665,0.011547750793397427,tensor(5354.9434),43.93817238788088,"tensor(434.2741, dtype=torch.float64)"
143,143,-34987.45615604824,-34343.28773968118,-34347.20069396601,0.018412699922919273,0.45790771737286895,0.03511138565863945,0.032484254433510204,-34987.45615604824,0.45790771737286895,41.90615593600834,1489.385479578215,0.011497464962303638,tensor(5354.9434),42.57629909189801,"tensor(434.2741, dtype=torch.float64)"
144,144,-34987.45651576279,-34335.493107707356,-34339.45602166706,0.018412699922919273,0.4579072202323147,0.03507685602772373,0.03244816688582054,-34987.45651576279,0.4579072202323147,42.32521749536842,1507.507719893973,0.011446566320955753,tensor(5354.9434),36.29372712707034,"tensor(434.2741, dtype=torch.float64)"
145,145,-34987.45685859743,-34327.62250410226,-34331.635911446734,0.018412699922919273,0.45790674642046114,0.03504193701887236,0.03241168693129875,-34987.45685859743,0.45790674642046114,42.7484696703221,1525.8096385908793,0.011395111680030823,tensor(5354.9434),28.50488270111859,"tensor(434.2741, dtype=torch.float64)"
146,146,-34987.45717611109,-34319.6752254288,-34323.73968295513,0.018412699922919273,0.45790630760315537,0.03500661033900605,0.032374784980153615,-34987.45717611109,0.45790630760315537,43.17595436702533,1544.2929989728154,0.01134308148175478,tensor(5354.9434),28.7369382959632,"tensor(434.2741, dtype=torch.float64)"
147,147,-34987.45747372005,-34311.65056091465,-34315.7666334462,0.018412699922919273,0.45790589629492556,0.034970867718432885,0.03233745168363617,-34987.45747372005,0.45790589629492556,43.60771391069558,1562.9595810578642,0.011290458962321281,tensor(5354.9434),26.25085545963968,"tensor(434.2741, dtype=torch.float64)"
148,148,-34987.45775163345,-34303.54778972179,-34307.71604926296,0.018412699922919273,0.4579055122067406,0.03493469974478263,0.03229967718641509,-34987.45775163345,0.4579055122067406,44.043791049802536,1581.8111817042954,0.011237230151891708,tensor(5354.9434),26.957450431034218,"tensor(434.2741, dtype=torch.float64)"
149,149,-34987.4580148624,-34295.3661858502,-34299.58721244258,0.018412699922919273,0.45790514841304253,0.034898100454165595,0.03226145460282147,-34987.4580148624,0.45790514841304253,44.48422896030056,1600.849614889706,0.011183382011950016,tensor(5354.9434),21.801365324368618,"tensor(434.2741, dtype=torch.float64)"
150,150,-34987.4582585212,-34287.105014439076,-34291.37939458001,0.018412699922919273,0.45790481166608693,0.03486105872067642,0.03222277295877927,-34987.4582585212,0.45790481166608693,44.92907124990357,1620.0767116838601,0.011128902435302734,tensor(5354.9434),27.241472074979526,"tensor(434.2741, dtype=torch.float64)"
151,151,-34987.458494777326,-34278.76353376753,-34283.09186332879,0.018412699922919273,0.45790448514990195,0.03482357467983109,0.03218363079873342,-34987.458494777326,0.45790448514990195,45.37836196240261,1639.4943208250584,0.011073781177401543,tensor(5354.9434),24.299941713728757,"tensor(434.2741, dtype=torch.float64)"
152,152,-34987.45872064853,-34270.340994059436,-34274.72387584391,0.018412699922919273,0.45790417298608155,0.034785639591399936,0.032144019390746376,-34987.45872064853,0.45790417298608155,45.832145582026634,1659.1043085568592,0.01101800799369812,tensor(5354.9434),25.31535896556565,"tensor(434.2741, dtype=torch.float64)"
153,153,-34987.4589397523,-34261.83663810449,-34266.2746829914,0.018412699922919273,0.457903870175105,0.03474724985479524,0.03210393450266137,-34987.4589397523,0.457903870175105,46.2904670378469,1678.9085589895517,0.010961574502289295,tensor(5354.9434),21.577491637861854,"tensor(434.2741, dtype=torch.float64)"
154,154,-34987.45914777123,-34253.249704153044,-34257.743529903964,0.018412699922919273,0.45790358268385295,0.03470839594788662,0.03206336676061519,-34987.45914777123,0.45790358268385295,46.75337170822537,1698.908974026845,0.010904470458626747,tensor(5354.9434),19.217704725904937,"tensor(434.2741, dtype=torch.float64)"
155,155,-34987.45934334212,-34244.57942029934,-34249.12965203079,0.018412699922919273,0.4579033123963001,0.03466907198604521,0.03202231019948075,-34987.45934334212,0.4579033123963001,47.22090542530763,1719.1074736818475,0.010846688412129879,tensor(5354.9434),17.258199023506762,"tensor(434.2741, dtype=torch.float64)"
156,156,-34987.45952598171,-34235.82500990729,-34240.43225291981,0.018412699922919273,0.4579030599803192,0.03462927196542709,0.03198077440148103,-34987.45952598171,0.4579030599803192,47.693114479560705,1739.505996975411,0.01078821998089552,tensor(5354.9434),16.139926702028248,"tensor(434.2741, dtype=torch.float64)"
157,157,-34987.45969657971,-34226.985600289554,-34231.6500771208,0.018412699922919273,0.45790282420634165,0.03458904090317834,0.03193902550515079,-34987.45969657971,0.45790282420634165,48.17004562435631,1760.1065143670182,0.010729130357503891,tensor(5354.9434),11.125644888026386,"tensor(434.2741, dtype=torch.float64)"
158,158,-34987.45984993707,-34218.06040851578,-34222.78274851923,0.018412699922919273,0.45790261225965934,0.03454836113246761,0.03189681332326329,-34987.45984993707,0.45790261225965934,48.65174608059988,1780.9110035698138,0.010669398121535778,tensor(5354.9434),11.052400197179168,"tensor(434.2741, dtype=torch.float64)"
159,159,-34987.45998939083,-34209.04864584409,-34213.82948698619,0.018412699922919273,0.4579024195283748,0.034507221895122085,0.03185412628645917,-34987.45998939083,0.4579024195283748,49.13826354140588,1801.921460865762,0.010609004646539688,tensor(5354.9434),12.241178480190257,"tensor(434.2741, dtype=torch.float64)"
160,160,-34987.460119525225,-34199.94951557662,-34204.78950471667,0.018412699922919273,0.4579022396768375,0.034465614435271685,0.031810954750931465,-34987.460119525225,0.4579022396768375,49.62964617681994,1823.1399013603793,0.010547933168709278,tensor(5354.9434),14.894696702320005,"tensor(434.2741, dtype=torch.float64)"
161,161,-34987.460246229864,-34190.762210874265,-34195.66200403085,0.018412699922919273,0.4579020645653562,0.03442353266784538,0.0317672916848855,-34987.460246229864,0.4579020645653562,50.12594263858814,1844.568359277424,0.010486169718205929,tensor(5354.9434),4.690874210595666,"tensor(434.2741, dtype=torch.float64)"
162,162,-34987.46035471017,-34181.485919623294,-34186.44617827336,0.018412699922919273,0.457901914640716,0.03438095838959709,0.03172312001192677,-34987.46035471017,0.457901914640716,50.62720206497402,1866.208887626894,0.010423700325191021,tensor(5354.9434),7.9765759834037055,"tensor(434.2741, dtype=torch.float64)"
163,163,-34987.460453595886,-34172.11981800305,-34177.141213370254,0.018412699922919273,0.457901777976265,0.034337889028365334,0.03167843600929189,-34987.460453595886,0.457901777976265,51.13347408562376,1888.0635590338284,0.01036051381379366,tensor(5354.9434),1.6547469003046444,"tensor(434.2741, dtype=torch.float64)"
164,164,-34987.46053019391,-34162.663078645666,-34167.74628785097,0.018412699922919273,0.4579016721143359,0.034294308883458635,0.03163322493826626,-34987.46053019391,0.4579016721143359,51.644808826479995,1910.1344653557035,0.010296598076820374,tensor(5354.9434),3.3775807916100007,"tensor(434.2741, dtype=torch.float64)"
165,165,-34987.460596596524,-34153.11486214123,-34158.260572915424,0.018412699922919273,0.4579015803429239,0.03425021804730962,0.031587485418641856,-34987.460596596524,0.4579015803429239,52.1612569147448,1932.4237185320505,0.010231942869722843,tensor(5354.9434),0.8164706615984585,"tensor(434.2741, dtype=torch.float64)"
166,166,-34987.460648479915,-34143.47432449966,-34148.68323218008,0.018412699922919273,0.45790150863774576,0.034205606993923124,0.031541208096021026,-34987.460648479915,0.45790150863774576,52.68286948389225,1954.9334503568464,0.010166537947952747,tensor(5354.9434),5.276802250480728,"tensor(434.2741, dtype=torch.float64)"
167,167,-34987.46068198105,-34133.740612084715,-34139.013419692776,0.018412699922919273,0.45790146233768825,0.034160467738089936,0.031494385157776014,-34987.46068198105,0.45790146233768825,53.20969817873117,1977.665812733146,0.010100374929606915,tensor(5354.9434),2.730085816791501,"tensor(434.2741, dtype=torch.float64)"
168,168,-34987.46070464004,-34123.91286420215,-34129.25028490475,0.018412699922919273,0.4579014310219214,0.03411479770621653,0.03144701301511767,-34987.46070464004,0.4579014310219214,53.741795160518485,2000.6229780757953,0.010033443570137024,tensor(5354.9434),1.3707944010320148,"tensor(434.2741, dtype=torch.float64)"
169,169,-34987.46072068757,-34113.99021136273,-34119.392616496436,0.018412699922919273,0.4579014088435063,0.034068593656352,0.03139926141659999,-34987.46072068757,0.4579014088435063,54.27921311212367,2023.8071488152452,0.009965735487639904,tensor(5354.9434),4.118373193505079,"tensor(434.2741, dtype=torch.float64)"
170,170,-34987.46072727751,-34103.97165510331,-34109.43952576818,0.018412699922919273,0.4579013997359207,0.034021906044836556,0.03135112537122073,-34987.46072727751,0.4579013997359207,54.82200524324491,2047.220548475424,0.009897327050566673,tensor(5354.9434),3.714540459172923,"tensor(434.2741, dtype=torch.float64)"
171,171,-34987.46072691404,-34093.85632521795,-34099.39037816478,0.018412699922919273,0.45790140023826653,0.03397471981165599,0.031302476040688615,-34987.46072691404,0.45790140023826653,55.37022529567736,2070.8654150783514,0.009828194044530392,tensor(5354.9434),13.429224054932973,"tensor(434.2741, dtype=torch.float64)"
172,172,-34987.46070624942,-34083.643347710415,-34089.244306029475,0.018412699922919273,0.45790142879769485,0.03392701251610425,0.03125329181987678,-34987.46070624942,0.45790142879769485,55.92392754863413,2094.7440070059206,0.009758315049111843,tensor(5354.9434),5.773990922299788,"tensor(434.2741, dtype=torch.float64)"
173,173,-34987.46068095786,-34073.33183091574,-34079.00042987263,0.018412699922919273,0.45790146375178314,0.03387878062847028,0.031203567271541256,-34987.46068095786,0.45790146375178314,56.483166824120474,2118.858604060727,0.009687671437859535,tensor(5354.9434),17.34687685308026,"tensor(434.2741, dtype=torch.float64)"
174,174,-34987.46063440718,-34062.92088337606,-34068.65786394282,0.018412699922919273,0.45790152808691215,0.03383000232562415,0.031153281804723914,-34987.46063440718,0.45790152808691215,57.04799849236168,2143.21150680367,0.00961624551564455,tensor(5354.9434),10.349502393237856,"tensor(434.2741, dtype=torch.float64)"
175,175,-34987.460581465115,-34052.40959286787,-34058.21570813312,0.018412699922919273,0.45790160125523033,0.03378067678475989,0.03110243286580274,-34987.460581465115,0.45790160125523033,57.618478477285294,2167.8050377438517,0.00954402331262827,tensor(5354.9434),12.2757206186715,"tensor(434.2741, dtype=torch.float64)"
176,176,-34987.4605204876,-34041.79704511467,-34047.67305703408,0.018412699922919273,0.45790168552888894,0.03373079350780773,0.031051009820324344,-34987.4605204876,0.45790168552888894,58.19466326205815,2192.6415410757963,0.009470990858972073,tensor(5354.9434),15.067666755455747,"tensor(434.2741, dtype=torch.float64)"
177,177,-34987.46044884599,-34031.08231548495,-34037.028994761946,0.018412699922919273,0.45790178454082225,0.033680342054996294,0.030999002207370344,-34987.46044884599,0.45790178454082225,58.776609894678735,2217.7233828755375,0.009397135116159916,tensor(5354.9434),20.40029040823177,"tensor(434.2741, dtype=torch.float64)"
178,178,-34987.460360582765,-34020.26447362634,-34026.282599022175,0.018412699922919273,0.45790190652453244,0.033629310672348825,0.030946398593787817,-34987.460360582765,0.45790190652453244,59.36437599362552,2243.0529512312014,0.00932244397699833,tensor(5354.9434),20.66647196138723,"tensor(434.2741, dtype=torch.float64)"
179,179,-34987.46025861843,-34009.34257709144,-34015.43293740149,0.018412699922919273,0.4579020474438206,0.03357769344325274,0.030893192545789948,-34987.46025861843,0.4579020474438206,59.95801975356178,2268.6326567265833,0.009246906265616417,tensor(5354.9434),24.73144669752031,"tensor(434.2741, dtype=torch.float64)"
180,180,-34987.46013952604,-33998.31567602689,-34004.47906878332,0.018412699922919273,0.4579022120348291,0.033525481367699096,0.030839375180058245,-34987.46013952604,0.4579022120348291,60.557599951097394,2294.4649324942416,0.009170511737465858,tensor(5354.9434),24.491867974754925,"tensor(434.2741, dtype=torch.float64)"
181,181,-34987.46000709462,-33987.18281090032,-33993.419887229604,0.018412699922919273,0.4579023950609423,0.03347266967375525,0.030785008733901935,-34987.46000709462,0.4579023950609423,61.16317595060837,2320.552238718079,0.009093250147998333,tensor(5354.9434),28.02499481429865,"tensor(434.2741, dtype=torch.float64)"
182,182,-34987.45985863171,-33975.94285744418,-33982.25381095606,0.018412699922919273,0.4579026002432801,0.03341931653709225,0.03073034800277451,-34987.45985863171,0.4579026002432801,61.77480771011445,2346.8970747802396,0.009015209041535854,tensor(5354.9434),30.290769144215545,"tensor(434.2741, dtype=torch.float64)"
183,183,-34987.45969390606,-33964.59485723889,-33970.98048527234,0.018412699922919273,0.45790282790144404,0.03336540275214707,0.030675114467912025,-34987.45969390606,0.45790282790144404,62.3925557872156,2373.501947162026,0.008936360478401184,tensor(5354.9434),23.514493246700653,"tensor(434.2741, dtype=torch.float64)"
184,184,-34987.45952645068,-33953.13784027309,-33959.59895301112,0.018412699922919273,0.4579030593321964,0.03331091908567589,0.03061929721926008,-34987.45952645068,0.4579030593321964,63.016481345087755,2400.3693856868304,0.008856679312884808,tensor(5354.9434),25.490251979718565,"tensor(434.2741, dtype=torch.float64)"
185,185,-34987.459353813945,-33941.570828970325,-33948.10824592124,0.018412699922919273,0.45790329792375595,0.033255850116072176,0.030562880716255087,-34987.459353813945,0.45790329792375595,63.64664615853863,2427.5019434273736,0.008776145055890083,tensor(5354.9434),33.57847538374688,"tensor(434.2741, dtype=torch.float64)"
186,186,-34987.45916476112,-33929.89284040964,-33936.506613842495,0.018412699922919273,0.4579035592030649,0.03320017591285995,0.030506161290221982,-34987.45916476112,0.4579035592030649,64.28311262012402,2454.902216744083,0.008694738149642944,tensor(5354.9434),31.71557943837766,"tensor(434.2741, dtype=torch.float64)"
187,187,-34987.458965401616,-33918.10268919917,-33924.79355850276,0.018412699922919273,0.4579038347266507,0.033143959172177925,0.030448918037174377,-34987.458965401616,0.4579038347266507,64.92594374632526,2482.572813019477,0.00861254520714283,tensor(5354.9434),37.225178092236305,"tensor(434.2741, dtype=torch.float64)"
188,188,-34987.45874943778,-33906.19939464584,-33912.96817509208,0.018412699922919273,0.4579041331980818,0.03308717204987847,0.0303910954239667,-34987.45874943778,0.4579041331980818,65.57520318378852,2510.516361069893,0.008529530838131905,tensor(5354.9434),35.21096225733842,"tensor(434.2741, dtype=torch.float64)"
189,189,-34987.45852324625,-33894.18195482818,-33901.0294728015,0.018412699922919273,0.45790444580460166,0.03302979793997242,0.03033267591872228,-34987.45852324625,0.45790444580460166,66.23095521562641,2538.7355137298864,0.00844566524028778,tensor(5354.9434),44.90649986397845,"tensor(434.2741, dtype=torch.float64)"
190,190,-34987.458274162884,-33882.049364650025,-33888.97645348179,0.018412699922919273,0.45790479004861595,0.03297181162583656,0.030273635073829665,-34987.458274162884,0.45790479004861595,66.89326476778267,2567.232947584926,0.00836092233657837,tensor(5354.9434),40.42145154725185,"tensor(434.2741, dtype=torch.float64)"
191,191,-34987.45801357033,-33869.80059410823,-33876.80809936114,0.018412699922919273,0.4579051501987225,0.03291320452012604,0.0302139630377113,-34987.45801357033,0.4579051501987225,67.56219741546049,2596.0113641212047,0.008275279775261879,tensor(5354.9434),33.64014186670397,"tensor(434.2741, dtype=torch.float64)"
192,192,-34987.45775405865,-33857.43460038438,-33864.52338032879,0.018412699922919273,0.4579055088549982,0.03285397001254424,0.030153651849677415,-34987.45775405865,0.4579055088549982,68.2378193896151,2625.073490066454,0.008188717067241669,tensor(5354.9434),39.664128916342136,"tensor(434.2741, dtype=torch.float64)"
193,193,-34987.45748627223,-33844.95033932666,-33852.12126004747,0.018412699922919273,0.45790587894727863,0.032794090545736405,0.030092684541013597,-34987.45748627223,0.45790587894727863,68.92019758351125,2654.4220769949584,0.00810121651738882,tensor(5354.9434),48.6668242119172,"tensor(434.2741, dtype=torch.float64)"
194,194,-34987.457198207325,-33832.34675966012,-33839.60069442424,0.018412699922919273,0.4579062770652118,0.032733547645716475,0.030031043472871378,-34987.457198207325,0.4579062770652118,69.60939955934637,2684.0599014781524,0.008012761361896992,tensor(5354.9434),53.92459768992484,"tensor(434.2741, dtype=torch.float64)"
195,195,-34987.45688594255,-33819.62279579077,-33826.960626870976,0.018412699922919273,0.4579067086283455,0.0326723288443322,0.029968716336931024,-34987.45688594255,0.4579067086283455,70.30549355493983,2713.989765651669,0.007923336699604988,tensor(5354.9434),56.88873804039926,"tensor(434.2741, dtype=torch.float64)"
196,196,-34987.45654982051,-33806.77736864991,-33814.19926727271,0.018412699922919273,0.4579071731631323,0.032610424808533565,0.02990595638502786,-34987.45654982051,0.4579071731631323,71.00854849048923,2744.214516097527,0.00783292856067419,tensor(5354.9434),58.016900668778405,"tensor(434.2741, dtype=torch.float64)"
197,197,-34987.45619290079,-33793.80916293441,-33801.31567038441,0.018412699922919273,0.4579076664411152,0.03254790725270792,0.029842696788724556,-34987.45619290079,0.4579076664411152,71.71863397539413,2774.7370220757316,0.007741639390587807,tensor(5354.9434),54.886430293095174,"tensor(434.2741, dtype=torch.float64)"
198,198,-34987.455824092074,-33780.71710236358,-33788.309096228164,0.018412699922919273,0.45790817615004864,0.03248475755811498,0.029778798380327477,-34987.455824092074,0.45790817615004864,72.43582031514806,2805.560170407155,0.0076494342647492886,tensor(5354.9434),55.965104985313474,"tensor(434.2741, dtype=torch.float64)"
199,199,-34987.45544413543,-33767.50010537473,-33775.17847327123,0.018412699922919273,0.45790870126582656,0.032420956134242854,0.02971424126173319,-34987.45544413543,0.45790870126582656,73.16017851829955,2836.6868739740503,0.007556283846497536,tensor(5354.9434),57.756185131203296,"tensor(434.2741, dtype=torch.float64)"
200,200,-34987.45505254278,-33754.15707671453,-33761.922716073896,0.018412699922919273,0.45790924246295783,0.03235648457867042,0.029649006853022405,-34987.45505254278,0.45790924246295783,73.89178030348255,2868.1200720156276,0.007462161593139172,tensor(5354.9434),64.0577826139429,"tensor(434.2741, dtype=torch.float64)"
201,201,-34987.454642080316,-33740.686911156634,-33748.54072752483,0.018412699922919273,0.4579098097387961,0.03229132339835058,0.029583076106056354,-34987.454642080316,0.4579098097387961,74.63069810651737,2899.8627302973505,0.0073670451529324055,tensor(5354.9434),66.01054366589591,"tensor(434.2741, dtype=torch.float64)"
202,202,-34987.45421355896,-33727.08848653641,-33735.03139563624,0.018412699922919273,0.45791040197262284,0.032225458763666066,0.029516434951947935,-34987.45421355896,0.45791040197262284,75.37700508758255,2931.917841686037,0.0072709135711193085,tensor(5354.9434),71.26276886288963,"tensor(434.2741, dtype=torch.float64)"
203,203,-34987.453762621524,-33713.36067313371,-33721.393599556985,0.018412699922919273,0.4579110251862987,0.03215887572606758,0.029449068677493976,-34987.453762621524,0.4579110251862987,76.13077513845838,2964.288426320598,0.007173748686909676,tensor(5354.9434),49.98178748455419,"tensor(434.2741, dtype=torch.float64)"
204,204,-34987.45332603826,-33699.5022991194,-33707.626187162714,0.018412699922919273,0.45791162856177814,0.03209158406485196,0.029380983711265053,-34987.45332603826,0.45791162856177814,76.89208288984295,2996.97753344025,0.0070755332708358765,tensor(5354.9434),72.99315714239599,"tensor(434.2741, dtype=torch.float64)"
205,205,-34987.45286602526,-33685.512234924565,-33693.72802935698,0.018412699922919273,0.45791226431796556,0.03202355115702589,0.029312150603397872,-34987.45286602526,0.45791226431796556,77.66100371874138,3029.9882389100635,0.00697625195607543,tensor(5354.9434),75.5608589634812,"tensor(434.2741, dtype=torch.float64)"
206,206,-34987.45238337229,-33671.38931538299,-33679.69797142337,0.018412699922919273,0.4579129313633542,0.03195476697490407,0.029242559138711887,-34987.45238337229,0.4579129313633542,78.4376137559288,3063.323646891577,0.006875889375805855,tensor(5354.9434),72.51931749760858,"tensor(434.2741, dtype=torch.float64)"
207,207,-34987.45188722151,-33657.13235699551,-33665.53484267987,0.018412699922919273,0.4579136170630582,0.031885227337872316,0.029172204225537193,-34987.45188722151,0.4579136170630582,79.22198989348809,3096.9868904814,0.006774431560188532,tensor(5354.9434),75.78016510010161,"tensor(434.2741, dtype=torch.float64)"
208,208,-34987.4513753247,-33642.74017519224,-33651.23675489815,0.018412699922919273,0.4579143245242846,0.031814921709896644,0.02910130332282225,-34987.4513753247,0.4579143245242846,80.01420979242297,3130.981149596523,0.006671865005046129,tensor(5354.9434),81.83949471329582,"tensor(434.2741, dtype=torch.float64)"
209,209,-34987.45084163719,-33628.21128552533,-33636.80226826193,0.018412699922919273,0.4579150621009053,0.03174392791296331,0.029029916007944558,-34987.45084163719,0.4579150621009053,80.81435189034721,3165.3096393032083,0.006568308919668198,tensor(5354.9434),83.22221938144072,"tensor(434.2741, dtype=torch.float64)"
210,210,-34987.45028841869,-33613.54451553423,-33622.23070830307,0.018412699922919273,0.45791582666994163,0.03167222152429432,0.02895785861479835,-34987.45028841869,0.45791582666994163,81.62249540925069,3199.9755906354344,0.006463725585490465,tensor(5354.9434),79.27517166253922,"tensor(434.2741, dtype=torch.float64)"
211,211,-34987.449725563405,-33598.73837352936,-33607.51944052262,0.018412699922919273,0.4579166045571668,0.031599878578920576,0.028885561931581084,-34987.449725563405,0.4579166045571668,82.4387203633432,3234.9823004452887,0.006358217913657427,tensor(5354.9434),77.24832087545057,"tensor(434.2741, dtype=torch.float64)"
212,212,-34987.44915807346,-33583.79168656002,-33592.66855678887,0.018412699922919273,0.4579173888495104,0.031526865137755586,0.02881259524999309,-34987.44915807346,0.4579173888495104,83.26310756697663,3270.3330620733823,0.006251731887459755,tensor(5354.9434),84.80427609733667,"tensor(434.2741, dtype=torch.float64)"
213,213,-34987.448575411065,-33568.70328525942,-33577.67689376617,0.018412699922919273,0.4579181941105504,0.03145314387703428,0.028738922119528807,-34987.448575411065,0.4579181941105504,84.0957386426464,3306.03119706397,0.006144221872091293,tensor(5354.9434),81.73726143203316,"tensor(434.2741, dtype=torch.float64)"
214,214,-34987.447985263585,-33553.47196351632,-33562.543256348275,0.018412699922919273,0.45791900971607347,0.031378692600186206,0.02866451971421661,-34987.447985263585,0.45791900971607347,84.93669602907286,3342.080056479232,0.006035648752003908,tensor(5354.9434),90.89589544041314,"tensor(434.2741, dtype=torch.float64)"
215,215,-34987.447375231495,-33538.09651463063,-33547.2664433766,0.018412699922919273,0.45791985280264524,0.03130348147371552,0.028589359234848594,-34987.447375231495,0.45791985280264524,85.78606298936359,3378.4830206058577,0.0059259794652462006,tensor(5354.9434),96.45587761424281,"tensor(434.2741, dtype=torch.float64)"
216,216,-34987.44674085513,-33522.57571000147,-33531.84523395139,0.018412699922919273,0.45792072953372354,0.0312274875386034,0.02851341810532308,-34987.44674085513,0.45792072953372354,86.64392361925722,3415.2434996832285,0.005815184209495783,tensor(5354.9434),85.53636446515624,"tensor(434.2741, dtype=torch.float64)"
217,217,-34987.44610357041,-33506.90827670538,-33516.278370331,0.018412699922919273,0.4579216102840185,0.03115070619192207,0.02843668994571458,-34987.44610357041,0.4579216102840185,87.5103628554498,3452.3649355225725,0.00570323783904314,tensor(5354.9434),104.86718210703147,"tensor(434.2741, dtype=torch.float64)"
218,218,-34987.445434628266,-33491.092978972876,-33500.56461766774,0.018412699922919273,0.4579225347857786,0.0310731046884744,0.028359144419888623,-34987.445434628266,0.4579225347857786,88.3854664840043,3489.850799683207,0.005590117070823908,tensor(5354.9434),101.40956135125438,"tensor(434.2741, dtype=torch.float64)"
219,219,-34987.444745605484,-33475.12852801364,-33484.70269966444,0.018412699922919273,0.45792348703946006,0.030994675507055727,0.028280773053645944,-34987.444745605484,0.45792348703946006,89.26932114884434,3527.7045955956833,0.005475800950080156,tensor(5354.9434),101.61627919206713,"tensor(434.2741, dtype=torch.float64)"
220,220,-34987.44404020373,-33459.01363125183,-33468.69133412511,0.018412699922919273,0.4579244619292241,0.030915407464312213,0.028201564363635516,-34987.44404020373,0.4579244619292241,90.16201436033279,3565.9298585612983,0.005360269919037819,tensor(5354.9434),93.93569332636731,"tensor(434.2741, dtype=torch.float64)"
221,221,-34987.44333335174,-33442.74696715127,-33452.529213491136,0.018412699922919273,0.45792543882305603,0.030835297230577617,0.028121513767884094,-34987.44333335174,0.45792543882305603,91.06363450393611,3604.5301566336057,0.005243506282567978,tensor(5354.9434),108.08501694427396,"tensor(434.2741, dtype=torch.float64)"
222,222,-34987.44260387004,-33426.32724701581,-33436.21505217616,0.018412699922919273,0.45792644699164936,0.030754320627109435,0.02804059888122733,-34987.44260387004,0.45792644699164936,91.97427084897548,3643.5090892829717,0.005125492811203003,tensor(5354.9434),115.10400686547962,"tensor(434.2741, dtype=torch.float64)"
223,223,-34987.441845633686,-33409.75315172314,-33419.74753864635,0.018412699922919273,0.45792749489992207,0.030672463249306402,0.027958805832821444,-34987.441845633686,0.45792749489992207,92.89401355746523,3682.8702884028435,0.0050062136724591255,tensor(5354.9434),118.40148039763395,"tensor(434.2741, dtype=torch.float64)"
224,224,-34987.44105938922,-33393.02334575567,-33403.12534710914,0.018412699922919273,0.4579285815160887,0.030589715039665354,0.02787612451973281,-34987.44105938922,0.4579285815160887,93.82295369303988,3722.617418914895,0.0048856534995138645,tensor(5354.9434),137.48000436700892,"tensor(434.2741, dtype=torch.float64)"
225,225,-34987.44022178878,-33376.13651191078,-33386.34716244411,0.018412699922919273,0.45792973910763585,0.030506051808262782,0.02779253276534826,-34987.44022178878,0.45792973910763585,94.76118322997027,3762.7541779067665,0.004763796925544739,tensor(5354.9434),111.08998082581621,"tensor(434.2741, dtype=torch.float64)"
226,226,-34987.43938314453,-33359.091234001644,-33369.41159422572,0.018412699922919273,0.45793089814144466,0.030421493204395342,0.027708045942116625,-34987.43938314453,0.45793089814144466,95.70879506226997,3803.28429841722,0.004640629515051842,tensor(5354.9434),121.88820739174676,"tensor(434.2741, dtype=torch.float64)"
227,227,-34987.43852727974,-33341.886165923825,-33352.31730109907,0.018412699922919273,0.45793208097432697,0.030336019564796427,0.027622645775176435,-34987.43852727974,0.45793208097432697,96.66588301289268,3844.211546585702,0.00451613636687398,tensor(5354.9434),128.59960622088488,"tensor(434.2741, dtype=torch.float64)"
228,228,-34987.4376474538,-33324.5199361164,-33335.06291923806,0.018412699922919273,0.4579332969219829,0.03024961771093581,0.027536319676854368,-34987.4376474538,0.4579332969219829,97.6325418430216,3885.5397224473472,0.00439030397683382,tensor(5354.9434),125.64568267891926,"tensor(434.2741, dtype=torch.float64)"
229,229,-34987.43675293984,-33306.991149120426,-33317.647066293954,0.018412699922919273,0.4579345331686739,0.030162282907289683,0.027449062124433623,-34987.43675293984,0.4579345331686739,98.60886726145182,3927.2726608909716,0.00426311744377017,tensor(5354.9434),135.5490249076295,"tensor(434.2741, dtype=torch.float64)"
230,230,-34987.43583164717,-33289.298422783235,-33300.06836613135,0.018412699922919273,0.4579358064240137,0.03007399883557237,0.027360857856261786,-34987.43583164717,0.4579358064240137,99.59495593406633,3969.41423099606,0.004134563263505697,tensor(5354.9434),134.082129242434,"tensor(434.2741, dtype=torch.float64)"
231,231,-34987.43489115603,-33271.44034047298,-33282.32541489136,0.018412699922919273,0.45793710621200806,0.029984760083765452,0.027271700817429616,-34987.43489115603,0.45793710621200806,100.59090549340699,4011.968337210845,0.004004627000540495,tensor(5354.9434),129.14539840474384,"tensor(434.2741, dtype=torch.float64)"
232,232,-34987.433942795586,-33253.414995762694,-33264.41679604121,0.018412699922919273,0.45793841687526315,0.02989468104376788,0.02718158714099151,-34987.433942795586,0.45793841687526315,101.59681454834106,4054.9389198714684,0.003873294685035944,tensor(5354.9434),126.14719641187168,"tensor(434.2741, dtype=torch.float64)"
233,233,-34987.43299268794,-33235.21505111774,-33246.341085589265,0.018412699922919273,0.4579397299528834,0.029805191751443392,0.02709051034953215,-34987.43299268794,0.4579397299528834,102.61278269382447,4098.329955246806,0.003740552347153425,tensor(5354.9434),141.49421195963146,"tensor(434.2741, dtype=torch.float64)"
234,234,-34987.43201789377,-33216.845260021684,-33228.096882304395,0.018412699922919273,0.4579410771477636,0.029714733365619465,0.026998449291764804,-34987.43201789377,0.4579410771477636,103.63891052076272,4142.145454334582,0.0036063857842236757,tensor(5354.9434),145.32275448919324,"tensor(434.2741, dtype=torch.float64)"
235,235,-34987.43101753927,-33198.304173971126,-33209.682753025394,0.018412699922919273,0.45794245966740443,0.029623295830289463,0.026905393838040886,-34987.43101753927,0.45794245966740443,104.67529962597035,4186.389464247393,0.0034707807935774326,tensor(5354.9434),147.97827762429142,"tensor(434.2741, dtype=torch.float64)"
236,236,-34987.429992705365,-33179.59033092105,-33191.09496250854,0.018412699922919273,0.457943876018001,0.029530870115042414,0.026811875820087216,-34987.429992705365,0.457943876018001,105.72205262223005,4231.066125232784,0.0033337229397147894,tensor(5354.9434),130.6176698921313,"tensor(434.2741, dtype=torch.float64)"
237,237,-34987.42897462987,-33160.701675309756,-33172.33355151128,0.018412699922919273,0.45794528302800885,0.029437585496557273,0.02671752080269967,-34987.42897462987,0.45794528302800885,106.77927314845235,4276.1795774219145,0.003195377066731453,tensor(5354.9434),142.43761030276116,"tensor(434.2741, dtype=torch.float64)"
238,238,-34987.42794402376,-33141.63682955807,-33153.39728900451,0.018412699922919273,0.45794670735534593,0.029343397888160195,0.026622253056856462,-34987.42794402376,0.45794670735534593,107.84706587993688,4321.733991512281,0.0030556947458535433,tensor(5354.9434),153.47263262813615,"tensor(434.2741, dtype=torch.float64)"
239,239,-34987.42688664653,-33122.39438695067,-33134.284777799105,0.018412699922919273,0.4579481686808408,0.029248270762188295,0.026526037127549033,-34987.42688664653,0.4579481686808408,108.92553653873625,4367.733573137884,0.0029146343003958464,tensor(5354.9434),157.48634730220806,"tensor(434.2741, dtype=torch.float64)"
240,240,-34987.42580175992,-33102.97289895571,-33114.994584513035,0.018412699922919273,0.4579496680247715,0.029152179330391808,0.02642884801024532,-34987.42580175992,0.4579496680247715,110.01479190412361,4414.182564202995,0.002772159408777952,tensor(5354.9434),133.478439595576,"tensor(434.2741, dtype=torch.float64)"
241,241,-34987.424731295294,-33083.370824581674,-33095.52520247896,0.018412699922919273,0.4579511474368007,0.029055127264613602,0.026330684908773664,-34987.424731295294,0.4579511474368007,111.11493982316485,4461.085245785576,0.002628237707540393,tensor(5354.9434),160.85528745798413,"tensor(434.2741, dtype=torch.float64)"
242,242,-34987.42363082312,-33063.586748852176,-33075.87521287644,0.018412699922919273,0.45795266831980647,0.028957068513540275,0.026231505983400093,-34987.42363082312,0.45795266831980647,112.22608922139649,4508.445933923659,0.002482840558513999,tensor(5354.9434),163.8621477487515,"tensor(434.2741, dtype=torch.float64)"
243,243,-34987.42250178,-33043.611952312625,-33056.04034108174,0.018412699922919273,0.45795422868832386,0.028859569285703282,0.02613190523909811,-34987.42250178,0.45795422868832386,113.34835011361046,4556.269051141106,0.0023359416518360376,tensor(5354.9434),177.03448614261805,"tensor(434.2741, dtype=torch.float64)"
244,244,-34987.421329888966,-33023.448675456144,-33036.017659527526,0.018412699922919273,0.45795584827351765,0.028761738119311236,0.026032147390377444,-34987.421329888966,0.45795584827351765,114.48183361474658,4604.559092143163,0.002187902806326747,tensor(5354.9434),179.75458020010024,"tensor(434.2741, dtype=torch.float64)"
245,245,-34987.420119589384,-33003.089541960355,-33015.80862022046,0.018412699922919273,0.45795752094006725,0.02866478454408665,0.025931542638967162,-34987.420119589384,0.45795752094006725,115.62665195089404,4653.32051613883,0.002038628561422229,tensor(5354.9434),175.02004543856663,"tensor(434.2741, dtype=torch.float64)"
246,246,-34987.41888574522,-32982.540836871885,-32995.411664243664,0.018412699922919273,0.4579592261454932,0.02856696856466631,0.02583007626114217,-34987.41888574522,0.4579592261454932,116.78291847040299,4702.557822156899,0.0018880392890423536,tensor(5354.9434),159.87971194703226,"tensor(434.2741, dtype=torch.float64)"
247,247,-34987.41765603921,-32961.80043038615,-32974.821931930746,0.018412699922919273,0.45796092563158863,0.028468392674019335,0.02572842887897873,-34987.41765603921,0.45796092563158863,117.95074765510702,4752.275630557206,0.0017362672369927168,tensor(5354.9434),173.7032250939688,"tensor(434.2741, dtype=torch.float64)"
248,248,-34987.416408664016,-32940.866924037546,-32954.0408541358,0.018412699922919273,0.4579626495366633,0.02836898242363179,0.02562592250683396,-34987.416408664016,0.4579626495366633,119.13025513165809,4802.478526338281,0.0015832179924473166,tensor(5354.9434),181.4964030819295,"tensor(434.2741, dtype=torch.float64)"
249,249,-34987.41513532454,-32919.738875748575,-32933.06701312326,0.018412699922919273,0.45796440932469884,0.028268681913608873,0.02552250054028868,-34987.41513532454,0.45796440932469884,120.32155768297467,4853.171130391906,0.0014288128586485982,tensor(5354.9434),157.6355601513165,"tensor(434.2741, dtype=torch.float64)"
250,250,-34987.41387742187,-32898.40917712945,-32911.898879575776,0.018412699922919273,0.45796614777840383,0.02816860130945977,0.02541813997638413,-34987.41387742187,0.45796614777840383,121.52477325980442,4904.358103660459,0.001272985595278442,tensor(5354.9434),171.42177931184156,"tensor(434.2741, dtype=torch.float64)"
251,251,-34987.41261094515,-32876.87761023749,-32890.53498049571,0.018412699922919273,0.45796789808136423,0.028068397938424857,0.025312791154372457,-34987.41261094515,0.45796789808136423,122.74002099240246,4956.044144169989,0.0011156799737364054,tensor(5354.9434),173.1447053263664,"tensor(434.2741, dtype=torch.float64)"
252,252,-34987.41133499068,-32855.1466074289,-32868.9706891414,0.018412699922919273,0.45796966148022167,0.027967216227837263,0.025207038892082593,-34987.41133499068,0.45796966148022167,123.96742120232649,5008.23406504972,0.0009568476816639304,tensor(5354.9434),191.940212976692,"tensor(434.2741, dtype=torch.float64)"
253,253,-34987.41002292145,-32833.21337140084,-32847.202377504465,0.018412699922919273,0.457971474780049,0.02786525500653474,0.025101232405313728,-34987.41002292145,0.457971474780049,125.20709541434975,5060.932768580938,0.0007968706195242703,tensor(5354.9434),198.19320793917578,"tensor(434.2741, dtype=torch.float64)"
254,254,-34987.40867247379,-32811.076290834484,-32825.23218424884,0.018412699922919273,0.4579733411194765,0.027762471357382898,0.02499457691867848,-34987.40867247379,0.4579733411194765,126.45916636849326,5114.1451051237755,0.0006356313824653625,tensor(5354.9434),202.59106231546025,"tensor(434.2741, dtype=torch.float64)"
255,255,-34987.40728464605,-32788.73388341481,-32803.05866456867,0.018412699922919273,0.4579752591187813,0.027658804566688476,0.024887009060738083,-34987.40728464605,0.4579752591187813,127.7237580321782,5167.875962090399,0.0004730327345896512,tensor(5354.9434),222.93573085242696,"tensor(434.2741, dtype=torch.float64)"
256,256,-34987.40583603482,-32766.18468104281,-32780.68036566908,0.018412699922919273,0.45797726112178744,0.027554187427969733,0.024778463372324738,-34987.40583603482,0.45797726112178744,129.0009956125,5222.130263763446,0.0003089934471063316,tensor(5354.9434),190.49836423076016,"tensor(434.2741, dtype=torch.float64)"
257,257,-34987.4043880224,-32743.426953995917,-32758.095644590092,0.018412699922919273,0.4579792622972491,0.027448618567414894,0.024668926675163683,-34987.4043880224,0.4579792622972491,130.291005568625,5276.912978110234,0.00014344519877340645,tensor(5354.9434),211.88660159019173,"tensor(434.2741, dtype=torch.float64)"
258,258,-34987.40290802582,-32719.725565034663,-32734.571216076234,0.018412699922919273,0.45798130767531114,0.02747960956601373,0.02469557759301188,-34987.40290802582,0.45798130767531114,131.59391562431125,5332.246991975376,-2.3670261725783348e-05,tensor(5354.9434),10423.318501676695,"tensor(434.2741, dtype=torch.float64)"
259,259,-34987.41754268278,-32696.108141215485,-32711.0976194327,0.018412699922919273,0.457961082293142,0.027453414646164728,0.024671565334651646,-34987.41754268278,0.457961082293142,132.90985478055435,5388.1311861120685,0.00013712371583096683,tensor(5354.9434),220.69467354439004,"tensor(434.2741, dtype=torch.float64)"
260,260,-34987.42891452069,-32671.750427900726,-32686.892365778865,0.018412699922919273,0.4579453661006283,0.027519709839153084,0.024738702824750946,-34987.42891452069,0.4579453661006283,134.2389533283599,5444.583145424187,0.00023035123012959957,tensor(5354.9434),208.38967309366942,"tensor(434.2741, dtype=torch.float64)"
261,261,-34987.43769520961,-32647.33720846774,-32662.638633436258,0.018412699922919273,0.45793323092190585,0.02754991944751933,0.02476874749183698,-34987.43769520961,0.45793323092190585,135.58134286164352,5501.60365749409,0.0002691545814741403,tensor(5354.9434),217.1890867301063,"tensor(434.2741, dtype=torch.float64)"
262,262,-34987.444389872515,-32622.835963361802,-32638.303053715103,0.018412699922919273,0.457923978674817,0.02755102208161189,0.02476886255714656,-34987.444389872515,0.457923978674817,136.93715629025996,5559.194390285401,0.00026404380332678556,tensor(5354.9434),241.95700370138758,"tensor(434.2741, dtype=torch.float64)"
263,263,-34987.449378290956,-32598.22012152754,-32613.85835281255,0.018412699922919273,0.4579170845007049,0.027528581172427128,0.02474476332868316,-34987.449378290956,0.4579170845007049,138.30652785316258,5617.35773032481,0.00022342329612001777,tensor(5354.9434),229.04055989361598,"tensor(434.2741, dtype=torch.float64)"
264,264,-34987.453021409725,-32573.467704641916,-32589.28202212331,0.018412699922919273,0.45791204957050946,0.027487080289469574,0.024701049384809423,-34987.453021409725,0.45791204957050946,139.6895931316942,5676.096657840818,0.00015401284326799214,tensor(5354.9434),226.9601642865265,"tensor(434.2741, dtype=torch.float64)"
265,265,-34987.455591504215,-32548.56064347947,-32564.55554919044,0.018412699922919273,0.4579084975960856,0.027430091772105543,0.024641389726936386,-34987.455591504215,0.4579084975960856,141.08648906301116,5735.414640798651,6.118446617620066e-05,tensor(5354.9434),238.46496620294062,"tensor(434.2741, dtype=torch.float64)"
266,266,-34987.45728575953,-32521.64726900539,-32537.82604199142,0.018412699922919273,0.4579061560643613,0.02767737240641237,0.024885790442294418,-34987.45728575953,0.4579061560643613,142.49735395364127,5795.360285224917,-5.0768132496159524e-05,tensor(5354.9434),11379.728757097406,"tensor(434.2741, dtype=torch.float64)"
267,267,-34987.4759048729,-32496.728171134415,-32513.05090746996,0.018412699922919273,0.4578804235016144,0.027535864966647013,0.024748552634993964,-34987.4759048729,0.4578804235016144,143.92232749317768,5855.885830071043,0.00020794360898435116,tensor(5354.9434),249.09724506422927,"tensor(434.2741, dtype=torch.float64)"
268,268,-34987.4904213398,-32470.05080720664,-32486.528761688227,0.018412699922919273,0.45786036173084665,0.02765159191970823,0.0248668525743941,-34987.4904213398,0.45786036173084665,145.36155076810945,5917.03365636825,0.000376431446056813,tensor(5354.9434),269.35325875365754,"tensor(434.2741, dtype=torch.float64)"
269,269,-34987.50162511424,-32443.37519964065,-32460.018897992206,0.018412699922919273,0.45784487820275094,0.027719366644233745,0.024935676457403595,-34987.50162511424,0.45784487820275094,146.81516627579055,5978.802965274795,0.0004723382880911231,tensor(5354.9434),270.98716863465506,"tensor(434.2741, dtype=torch.float64)"
270,270,-34987.51017664036,-32416.656676662304,-32433.4728100635,0.018412699922919273,0.45783306015276043,0.02774819669204753,0.02496471316095733,-34987.51017664036,0.45783306015276043,148.28331793854846,6041.194230298865,0.0005097744869999588,tensor(5354.9434),275.3631001837651,"tensor(434.2741, dtype=torch.float64)"
271,271,-34987.51660008097,-32389.855638457113,-32406.851390857377,0.018412699922919273,0.4578241833205772,0.02774580458679585,0.024961630944048525,-34987.51660008097,0.4578241833205772,149.76615111793396,6104.208950931825,0.0005000242381356657,tensor(5354.9434),261.21052665634363,"tensor(434.2741, dtype=torch.float64)"
272,272,-34987.52134269094,-32362.94318165669,-32380.123032998286,0.018412699922919273,0.45781762959139255,0.027717800555074543,0.024932507150110184,-34987.52134269094,0.45781762959139255,151.2638126291133,6167.84945701259,0.0004521106311585754,tensor(5354.9434),264.87964545450274,"tensor(434.2741, dtype=torch.float64)"
273,273,-34987.52474070185,-32335.906463049796,-32353.267859962536,0.018412699922919273,0.45781294191083904,0.027666929770974805,0.02488123022273776,-34987.52474070185,0.45781294191083904,152.77645075540443,6232.11861181063,0.0003732482437044382,tensor(5354.9434),301.45918186408056,"tensor(434.2741, dtype=torch.float64)"
274,274,-34987.52699819132,-32308.689196685777,-32326.249792749917,0.018412699922919273,0.45780982366244166,0.027602681825807992,0.02481406093893965,-34987.52699819132,0.45780982366244166,154.30421526295848,6297.020196271871,0.00026920443633571267,tensor(5354.9434),273.12422879459785,"tensor(434.2741, dtype=torch.float64)"
275,275,-34987.52838711905,-32281.287222501276,-32299.05599619388,0.018412699922919273,0.45780790152940454,0.02752592539953124,0.02473331100365037,-34987.52838711905,0.45780790152940454,155.84725741558807,6362.558336522327,0.00014458906662184745,tensor(5354.9434),284.0603137857067,"tensor(434.2741, dtype=torch.float64)"
276,276,-34987.52906656905,-32253.69737458975,-32271.67596935582,0.018412699922919273,0.4578069591879134,0.027437306828864003,0.024640803545095902,-34987.52906656905,0.4578069591879134,157.40572998974395,6428.737441141582,3.085733624175191e-06,tensor(5354.9434),266.7613351049396,"tensor(434.2741, dtype=torch.float64)"
277,277,-34987.52921238939,-32219.83816549338,-32238.021103777905,0.018412699922919273,0.45780676441399976,0.028273128465755405,0.02547400056890813,-34987.52921238939,0.45780676441399976,158.9797872896414,6495.709486792788,-0.00015236296167131513,tensor(5354.9434),12813.717683859762,"tensor(434.2741, dtype=torch.float64)"
278,278,-34987.54874791981,-32195.933995480464,-32214.29358051083,0.018412699922919273,0.4577797542978173,0.027526148963836126,0.024728905040748823,-34987.54874791981,0.4577797542978173,160.5695851625378,6563.232797771929,0.000113638598122634,tensor(5354.9434),297.35923041470096,"tensor(434.2741, dtype=torch.float64)"
279,279,-34987.563933110025,-32166.161642793602,-32184.710783899056,0.018412699922919273,0.457758771594382,0.027642897861606515,0.02484584553248956,-34987.563933110025,0.457758771594382,162.17528101416318,6631.450118947108,0.00028330995701253414,tensor(5354.9434),301.069798033526,"tensor(434.2741, dtype=torch.float64)"
280,280,-34987.57562285807,-32136.41518885431,-32155.15128874866,0.018412699922919273,0.4577426176420884,0.027708362591303194,0.024912174794981017,-34987.57562285807,0.4577426176420884,163.7970338243048,6700.360370300824,0.0003754689823836088,tensor(5354.9434),319.5909861580564,"tensor(434.2741, dtype=torch.float64)"
281,281,-34987.58448779544,-32106.63757516633,-32125.570236078176,0.018412699922919273,0.4577303648978623,0.027732681686623933,0.024936208707272346,-34987.58448779544,0.4577303648978623,165.43500416254784,6769.963660851621,0.00040516527951695025,tensor(5354.9434),328.4326511282421,"tensor(434.2741, dtype=torch.float64)"
282,282,-34987.59108114231,-32076.783945981755,-32095.92198526662,0.018412699922919273,0.45772125126884766,0.02772373269211286,0.024925975266181486,-34987.59108114231,0.45772125126884766,167.08935420417333,6840.2612913385565,0.00038443395169451833,tensor(5354.9434),308.3018673365347,"tensor(434.2741, dtype=torch.float64)"
283,283,-34987.59588839807,-32046.817328378376,-32066.16861158894,0.018412699922919273,0.457714606526634,0.02768787032439898,0.024887998705031767,-34987.59588839807,0.457714606526634,168.76024774621507,6911.255552651284,0.0003228986170142889,tensor(5354.9434),328.5973817898403,"tensor(434.2741, dtype=torch.float64)"
284,284,-34987.599236175905,-32016.707409803064,-32036.278852384192,0.018412699922919273,0.4577099792770709,0.027630171393684733,0.024827519070809313,-34987.599236175905,0.4577099792770709,170.44785022367722,6982.949550019084,0.00022825348423793912,tensor(5354.9434),306.54700868689355,"tensor(434.2741, dtype=torch.float64)"
285,285,-34987.60147071457,-31986.437264377986,-32006.244145050918,0.018412699922919273,0.4577069197464505,0.027553576634404286,0.02474631427820967,-34987.60147071457,0.4577069197464505,172.152328725914,7055.3466461782355,0.00010664945148164406,tensor(5354.9434),324.01945090527397,"tensor(434.2741, dtype=torch.float64)"
286,286,-34987.60276380837,-31954.877409699606,-31974.918026328756,0.018412699922919273,0.45770515095172243,0.027616940526929333,0.024805690139638042,-34987.60276380837,0.45770515095172243,173.87385201317315,7128.4779349917935,-3.699749504448846e-05,tensor(5354.9434),13777.669716330263,"tensor(434.2741, dtype=torch.float64)"
287,287,-34987.6246531752,-31923.35212859731,-31943.55403713546,0.018412699922919273,0.45767487453216166,0.027633266893673788,0.024828454569703055,-34987.6246531752,0.45767487453216166,175.61259053330488,7202.344494832631,0.0002164274628739804,tensor(5354.9434),328.867724950662,"tensor(434.2741, dtype=torch.float64)"
288,288,-34987.64167403306,-31890.781658172065,-31911.203632147586,0.018412699922919273,0.45765134507545674,0.027748789566309315,0.024942500248481717,-34987.64167403306,0.45765134507545674,177.36871643863793,7276.969748128967,0.000371837813872844,tensor(5354.9434),347.9157222654819,"tensor(434.2741, dtype=torch.float64)"
289,289,-34987.654752326525,-31858.29639158508,-31878.917676310295,0.018412699922919273,0.4576332518843962,0.027805478514045735,0.02500085378275704,-34987.654752326525,0.4576332518843962,179.14240360302432,7352.35160404974,0.0004483459342736751,tensor(5354.9434),347.7938028417268,"tensor(434.2741, dtype=torch.float64)"
290,290,-34987.664714213315,-31825.790112034483,-31846.640047202913,0.018412699922919273,0.45761950669492935,0.02781963403394422,0.02501297600265098,-34987.664714213315,0.45761950669492935,180.93382763905456,7428.489450133329,0.00046123701031319797,tensor(5354.9434),360.77294970010564,"tensor(434.2741, dtype=torch.float64)"
291,291,-34987.672153334075,-31793.289888768515,-31814.346214328176,0.018412699922919273,0.457609266617659,0.027789052159745066,0.024983650686101415,-34987.672153334075,0.457609266617659,182.7431659154451,7505.383368735985,0.0004227340978104621,tensor(5354.9434),357.4363582483529,"tensor(434.2741, dtype=torch.float64)"
292,292,-34987.6775345148,-31760.53061409981,-31781.85504341877,0.018412699922919273,0.4576018233542672,0.027750115402614003,0.024938088471193536,-34987.6775345148,0.4576018233542672,184.57059757459956,7583.037900341268,0.00034261075779795647,tensor(5354.9434),350.1079098101136,"tensor(434.2741, dtype=torch.float64)"
293,293,-34987.6813009112,-31727.845086863304,-31749.313620236077,0.018412699922919273,0.45759660202394903,0.027659456712707527,0.024857402618670983,-34987.6813009112,0.45759660202394903,186.41630355034556,7661.4540850265885,0.0002286806993652135,tensor(5354.9434),343.47096841863015,"tensor(434.2741, dtype=torch.float64)"
294,294,-34987.68383010892,-31694.886505590446,-31716.549061072456,0.018412699922919273,0.457593144243317,0.027563464003448966,0.02476500892164186,-34987.68383010892,0.457593144243317,188.280466585849,7740.63720786729,8.718986646272242e-05,tensor(5354.9434),389.3835509068379,"tensor(434.2741, dtype=torch.float64)"
295,295,-34987.68524971929,-31658.670688886104,-31680.57542241696,0.018412699922919273,0.45759119338403337,0.027843605239034085,0.025042820838077393,-34987.68524971929,0.45759119338403337,190.1632712517075,7820.664468493649,-7.686979370191693e-05,tensor(5354.9434),15206.863309070017,"tensor(434.2741, dtype=torch.float64)"
296,296,-34987.70936140378,-31625.582689778854,-31647.82137248249,0.018412699922919273,0.4575577935358103,0.027679170529149102,0.024864762204351444,-34987.70936140378,0.4575577935358103,192.06490396422458,7901.458141514007,0.00020592220243997872,tensor(5354.9434),352.01470119620274,"tensor(434.2741, dtype=torch.float64)"
297,297,-34987.72815852801,-31589.88966479589,-31612.345022171576,0.018412699922919273,0.4575318140576242,0.027802440095362542,0.024989667698982757,-34987.72815852801,0.4575318140576242,193.98555300386684,7983.0837412264,0.0003802319406531751,tensor(5354.9434),389.45564744674533,"tensor(434.2741, dtype=torch.float64)"
298,298,-34987.74261019813,-31554.310016687694,-31576.981134390593,0.018412699922919273,0.45751184779486975,0.02786426887954321,0.025053501454334666,-34987.74261019813,0.45751184779486975,195.9254085339055,8065.537979762249,0.0004672195063903928,tensor(5354.9434),384.94222868193003,"tensor(434.2741, dtype=torch.float64)"
299,299,-34987.75358282414,-31518.715652680876,-31541.630776014797,0.018412699922919273,0.45749668173434455,0.027882497308500332,0.025070513678569186,-34987.75358282414,0.45749668173434455,197.88466261924458,8148.82009381044,0.0004838074091821909,tensor(5354.9434),434.27407182880046,"tensor(434.2741, dtype=torch.float64)"
